# Source: Arcturus5404/miniature-paints (MIT, 2022 Rick Fleuren)
# https://github.com/Arcturus5404/miniature-paints
# Normalized via scripts/build_paint_db.py.
# Hex values are community-derived from vendor swatches; spot-check
# before trusting individual rows. Edit this file directly to correct.
# category=solid is the only category included in the optimizer.
name,brand,line,sku,hex,category,notes
Archangel Red,army_painter,army_painter_air,null,#C52822,solid,
Azure Magic,army_painter,army_painter_air,null,#153F51,solid,
Barren Yellow,army_painter,army_painter_air,null,#845B25,solid,
Bleached Bone,army_painter,army_painter_air,null,#DFD9B7,solid,
Blue Flux,army_painter,army_painter_air,null,#008BBD,solid,
Bogey Green,army_painter,army_painter_air,null,#A1BD67,solid,
Brethil Flesh,army_painter,army_painter_air,null,#C4915A,solid,
Broodmother Purple,army_painter,army_painter_air,null,#26233B,solid,
Bullwhack Brown,army_painter,army_painter_air,null,#8A6243,solid,
Cadre Grey,army_painter,army_painter_air,null,#8E9999,solid,
Canopy Green,army_painter,army_painter_air,null,#ABBE55,solid,
Charred Bone,army_painter,army_painter_air,null,#8C7757,solid,
Chimera Red,army_painter,army_painter_air,null,#621723,solid,
Consul Blue,army_painter,army_painter_air,null,#526899,solid,
Cosmic Dust,army_painter,army_painter_air,null,#EEE47D,solid,
Coven Purple,army_painter,army_painter_air,null,#7B5A85,solid,
Crow Hue,army_painter,army_painter_air,null,#424B47,solid,
Cypress Brown,army_painter,army_painter_air,null,#544537,solid,
Drab Green,army_painter,army_painter_air,null,#7F815C,solid,
Elven Armor,army_painter,army_painter_air,null,#1B3061,solid,
Encarmine Red,army_painter,army_painter_air,null,#721824,solid,
Exile Green,army_painter,army_painter_air,null,#4C685B,solid,
Fairy Dust,army_painter,army_painter_air,null,#8C8C8C,solid,
Fairy Pink,army_painter,army_painter_air,null,#81375F,solid,
Feral Green,army_painter,army_painter_air,null,#5D8758,solid,
Fey Pink,army_painter,army_painter_air,null,#C384A6,solid,
Feywild Glow,army_painter,army_painter_air,null,#F2CC9E,exclude,
Gauss Green,army_painter,army_painter_air,null,#63A33C,solid,
Gemstone,army_painter,army_painter_air,null,#69191F,solid,
Glitter Green,army_painter,army_painter_air,null,#2E5A2F,solid,
Gnome Cheeks,army_painter,army_painter_air,null,#978376,solid,
Gremlin Green,army_painter,army_painter_air,null,#4A5A2B,solid,
Hazardous Smog,army_painter,army_painter_air,null,#60AB97,solid,
Hobgoblin Hue,army_painter,army_painter_air,null,#F3DBC0,solid,
Hot Pink,army_painter,army_painter_air,null,#CB4485,solid,
Husk Brown,army_painter,army_painter_air,null,#562F22,solid,
Imp Yellow,army_painter,army_painter_air,null,#E3BE6A,solid,
Incursion Orange,army_painter,army_painter_air,null,#D7752A,solid,
Ionic Blue,army_painter,army_painter_air,null,#3992C5,solid,
Iron Wolf,army_painter,army_painter_air,null,#354B57,solid,
Leviathan Light,army_painter,army_painter_air,null,#B5D2BA,solid,
Magnolia Brown,army_painter,army_painter_air,null,#2C2C24,solid,
Majestic Fortress,army_painter,army_painter_air,null,#006856,solid,
Meteor Rock,army_painter,army_painter_air,null,#D7AF2B,solid,
Militia Green,army_painter,army_painter_air,null,#273124,solid,
Molten Orange,army_painter,army_painter_air,null,#7D3222,solid,
Neon Yellow,army_painter,army_painter_air,null,#FEDE40,solid,
Night Scales,army_painter,army_painter_air,null,#232023,solid,
Nomad Flesh,army_painter,army_painter_air,null,#B3614B,solid,
Ocean Depths,army_painter,army_painter_air,null,#054C5B,solid,
Omega Blue,army_painter,army_painter_air,null,#1F3863,solid,
Orange Magma,army_painter,army_painter_air,null,#C52822,solid,
Pestilent Flesh,army_painter,army_painter_air,null,#70733B,solid,
Phantasmal Blue,army_painter,army_painter_air,null,#5CADB3,solid,
Potion Green,army_painter,army_painter_air,null,#618A72,solid,
Psychic Shock,army_painter,army_painter_air,null,#5DA490,solid,
Raven Black,army_painter,army_painter_air,null,#2B3030,solid,
Rawhide Brown,army_painter,army_painter_air,null,#4F3826,solid,
Rebel Red,army_painter,army_painter_air,null,#741434,solid,
Regiment Grey,army_painter,army_painter_air,null,#424B4A,solid,
Royal Purple,army_painter,army_painter_air,null,#43173B,solid,
Ruinous Spell,army_painter,army_painter_air,null,#375242,solid,
Safety Orange,army_painter,army_painter_air,null,#DE8F58,solid,
Sapphire Gem,army_painter,army_painter_air,null,#1C477E,solid,
Savage Green,army_painter,army_painter_air,null,#164F2C,solid,
Shark White,army_painter,army_painter_air,null,#959F9C,solid,
Storm Wolf,army_painter,army_painter_air,null,#9DAED2,solid,
Talisman Purple,army_painter,army_painter_air,null,#CE859C,solid,
Thunder Storm,army_painter,army_painter_air,null,#1E2931,solid,
Traitor Red,army_painter,army_painter_air,null,#34251F,solid,
Twilight Sky,army_painter,army_painter_air,null,#1B455F,solid,
Undergrowth Green,army_painter,army_painter_air,null,#507D35,solid,
Unforgiven Green,army_painter,army_painter_air,null,#242923,solid,
Violet Volt,army_painter,army_painter_air,null,#764287,solid,
Viper Brown,army_painter,army_painter_air,null,#9B5F4C,solid,
Wildling Flesh,army_painter,army_painter_air,null,#DE937B,solid,
Witchbane Plum,army_painter,army_painter_air,null,#601841,solid,
Wyrmling Red,army_painter,army_painter_air,null,#B43646,solid,
Yellow Dune,army_painter,army_painter_air,null,#C2994D,solid,
Yeti White,army_painter,army_painter_air,null,#B7BABF,solid,
Zephyr Pink,army_painter,army_painter_air,null,#6B304D,solid,
Zombie Flesh,army_painter,army_painter_air,null,#AFB395,solid,
Abyssal Black,army_painter,army_painter_dnd,null,#21201D,solid,
Ancient Mummy,army_painter,army_painter_dnd,null,#FDEAA9,solid,
Angelic Yellow,army_painter,army_painter_dnd,null,#F9DF1C,solid,
Beholder Purple,army_painter,army_painter_dnd,null,#A893B3,solid,
Bleached Skull,army_painter,army_painter_dnd,null,#F5F4F0,solid,
Bugbear Brown,army_painter,army_painter_dnd,null,#7B561E,solid,
Cambion Crimson,army_painter,army_painter_dnd,null,#9C1A1D,solid,
Cold Flesh,army_painter,army_painter_dnd,null,#E7F0F9,solid,
Cursed Blade,army_painter,army_painter_dnd,null,#7B482A,solid,
Dragonfire Red,army_painter,army_painter_dnd,null,#CF2529,solid,
Drakolich Scales,army_painter,army_painter_dnd,null,#6D7FA3,solid,
Duergar Metal,army_painter,army_painter_dnd,null,#582121,metallic,
Dungeon Stone,army_painter,army_painter_dnd,null,#666D74,solid,
Dwarven Bronze,army_painter,army_painter_dnd,null,#CD601F,metallic,
Eternal Blue,army_painter,army_painter_dnd,null,#5A7F93,solid,
Ethereal Specter,army_painter,army_painter_dnd,null,#C1AFBB,solid,
Faerzress Purple,army_painter,army_painter_dnd,null,#87146E,solid,
Fair Skin,army_painter,army_painter_dnd,null,#EACDAD,solid,
Feywild Emerald,army_painter,army_painter_dnd,null,#006E40,solid,
Firenewt Orange,army_painter,army_painter_dnd,null,#F6AA0D,solid,
Flumph Pink,army_painter,army_painter_dnd,null,#E69D63,solid,
Gelatinous Blue,army_painter,army_painter_dnd,null,#C7CFE3,solid,
Ghostly Blue,army_painter,army_painter_dnd,null,#3A9DD5,solid,
Ghostly Vapours,army_painter,army_painter_dnd,null,#A5C5C0,solid,
Ghoul Grey,army_painter,army_painter_dnd,null,#B9BEC4,solid,
Goblin Skin,army_painter,army_painter_dnd,WP1720,#E0B26A,solid,
Green Flame,army_painter,army_painter_dnd,null,#81AC36,solid,
Grung Green,army_painter,army_painter_dnd,WP1731,#9DC29E,solid,
Ki-Rin Gold,army_painter,army_painter_dnd,null,#AF8102,metallic,
Kobold Red,army_painter,army_painter_dnd,null,#6D1F0C,solid,
Kraken Blue,army_painter,army_painter_dnd,null,#055E8F,solid,
Lawfull White,army_painter,army_painter_dnd,null,#FEFFFF,solid,
Lich Blue,army_painter,army_painter_dnd,null,#094073,solid,
Lich Skin,army_painter,army_painter_dnd,null,#83827B,solid,
Merfolk Turquoise,army_painter,army_painter_dnd,null,#019096,solid,
Minotaur Hide,army_painter,army_painter_dnd,null,#A34521,solid,
Mithral Silver,army_painter,army_painter_dnd,null,#808182,metallic,
Mouldy Wash,army_painter,army_painter_dnd,null,#41630C,solid,
Orc Skin,army_painter,army_painter_dnd,null,#9FA3A3,solid,
Otyugh Brown,army_painter,army_painter_dnd,null,#DEB57D,solid,
Owlbear Brown,army_painter,army_painter_dnd,null,#5F3D27,solid,
Pixiedust Pink,army_painter,army_painter_dnd,null,#D27F84,solid,
Purple Worm,army_painter,army_painter_dnd,WP1712,#826D8D,solid,
Putrid Slime,army_painter,army_painter_dnd,null,#C4B107,solid,
Rigid Leather,army_painter,army_painter_dnd,null,#521C02,solid,
Rosy Skin,army_painter,army_painter_dnd,null,#F7BF96,solid,
Ruddy Skin,army_painter,army_painter_dnd,null,#BB7962,solid,
Rust Monster,army_painter,army_painter_dnd,null,#E5581E,solid,
Silver Dragon,army_painter,army_painter_dnd,null,#B2B2B3,metallic,
Stirge Tan,army_painter,army_painter_dnd,null,#C47A7B,solid,
Succubus Red,army_painter,army_painter_dnd,null,#AA262F,solid,
Treant Green,army_painter,army_painter_dnd,null,#409B4B,solid,
Troll Skin,army_painter,army_painter_dnd,null,#06381F,solid,
Underdark Grey,army_painter,army_painter_dnd,null,#7F7372,solid,
Underdark Indigo,army_painter,army_painter_dnd,null,#205286,solid,
Vampire Garments,army_painter,army_painter_dnd,null,#A12F24,solid,
Wraith Black,army_painter,army_painter_dnd,null,#3C3F50,solid,
Xanathar Blue,army_painter,army_painter_dnd,null,#2EB5B0,solid,
Grey Primer,army_painter,army_painter_dnd_primer,null,#919296,exclude,
Brown Wash,army_painter,army_painter_dnd_wash,null,#352A16,wash,
Shadow Wash,army_painter,army_painter_dnd_wash,null,#000103,wash,
Abyssal Blue,army_painter,army_painter_fanatic,null,#00506C,solid,
Aegis Aqua,army_painter,army_painter_fanatic,null,#32B3D5,solid,
Afterglow,army_painter,army_painter_fanatic,null,#E4EA8D,exclude,
Agate Skin,army_painter,army_painter_fanatic,null,#D7877B,solid,
Alien Purple,army_painter,army_painter_fanatic,null,#6154A3,solid,
Alpha Blue,army_painter,army_painter_fanatic,null,#667DC0,solid,
Amber Skin,army_painter,army_painter_fanatic,null,#C4A083,solid,
Amulet Aqua,army_painter,army_painter_fanatic,null,#68C5B6,solid,
Ancient Stone,army_painter,army_painter_fanatic,null,#D0C3A3,solid,
Angel Green,army_painter,army_painter_fanatic,null,#173E31,solid,
Angelic Red,army_painter,army_painter_fanatic,null,#D42C39,solid,
Aqua Alchemy,army_painter,army_painter_fanatic,null,#24BBA6,solid,
Aquamarine,army_painter,army_painter_fanatic,null,#56C4CD,solid,
Arctic Gem,army_painter,army_painter_fanatic,null,#1995D4,solid,
Army Green,army_painter,army_painter_fanatic,null,#5D7554,solid,
Ash Grey,army_painter,army_painter_fanatic,null,#84878F,solid,
Augur Blue,army_painter,army_painter_fanatic,null,#ACBCE2,solid,
Autumn Sage,army_painter,army_painter_fanatic,null,#75AD98,solid,
Barbarian Flesh,army_painter,army_painter_fanatic,null,#F69B7F,solid,
Baron Blue,army_painter,army_painter_fanatic,null,#7C95CC,solid,
Barren Dune,army_painter,army_painter_fanatic,null,#DEBB72,solid,
Basilisk Red,army_painter,army_painter_fanatic,null,#6C2539,solid,
Blood Chalice,army_painter,army_painter_fanatic,null,#DB4B50,solid,
Boney Spikes,army_painter,army_painter_fanatic,null,#E6D4C1,solid,
Bootstrap Brown,army_painter,army_painter_fanatic,null,#5D4D4D,solid,
Brainmatter Beige,army_painter,army_painter_fanatic,null,#DEDBD3,solid,
Brigade Grey,army_painter,army_painter_fanatic,null,#D0D0D2,solid,
Brigadine Brown,army_painter,army_painter_fanatic,null,#443A40,solid,
Bright Gold,army_painter,army_painter_fanatic,null,#987B1A,metallic,
Bright Sapphire,army_painter,army_painter_fanatic,null,#84CEF0,solid,
Buffed Hide,army_painter,army_painter_fanatic,null,#B3756A,solid,
Burning Ore,army_painter,army_painter_fanatic,null,#F2653E,solid,
Burnt Turf,army_painter,army_painter_fanatic,null,#BE9859,solid,
Camouflage Green,army_painter,army_painter_fanatic,null,#6E8358,solid,
Carnelian Skin,army_painter,army_painter_fanatic,null,#5D3E46,solid,
Cobalt Metal,army_painter,army_painter_fanatic,null,#2E4249,metallic,
Command Khaki,army_painter,army_painter_fanatic,null,#B49488,solid,
Company Grey,army_painter,army_painter_fanatic,null,#BCBEC2,solid,
Crystal Blue,army_painter,army_painter_fanatic,null,#0273BC,solid,
Cultist Purple,army_painter,army_painter_fanatic,null,#6962AB,solid,
Daemonic Yellow,army_painter,army_painter_fanatic,null,#FECE2A,solid,
Dark Emerald,army_painter,army_painter_fanatic,null,#3B4A25,solid,
Death Metal,army_painter,army_painter_fanatic,null,#2B2B2B,metallic,
Deep Azure,army_painter,army_painter_fanatic,null,#006B79,solid,
Deep Grey,army_painter,army_painter_fanatic,null,#4B5164,solid,
Deep Ocean Blue,army_painter,army_painter_fanatic,null,#1B3044,solid,
Demigod Flames,army_painter,army_painter_fanatic,null,#D17B41,solid,
Desert Yellow,army_painter,army_painter_fanatic,null,#856D45,solid,
Diabolic Plum,army_painter,army_painter_fanatic,null,#562D74,solid,
Diviner Light,army_painter,army_painter_fanatic,null,#D59FC5,solid,
Doomfire Drab,army_painter,army_painter_fanatic,null,#F9D9E6,solid,
Dorado Skin,army_painter,army_painter_fanatic,null,#EEC79E,solid,
Dragon Red,army_painter,army_painter_fanatic,null,#BF283B,solid,
Dryad Brown,army_painter,army_painter_fanatic,null,#613630,solid,
Dusty Skull,army_painter,army_painter_fanatic,null,#8B7C68,solid,
Elder Flower,army_painter,army_painter_fanatic,null,#A8577B,solid,
Electric Lime,army_painter,army_painter_fanatic,null,#BDD532,solid,
Emerald Forest,army_painter,army_painter_fanatic,null,#5BBB4D,solid,
Enchanted Pink,army_painter,army_painter_fanatic,null,#B66CAE,solid,
Eternal Hunt,army_painter,army_painter_fanatic,null,#279A4C,solid,
Evergreen Fog,army_painter,army_painter_fanatic,null,#396360,solid,
Evil Chrome,army_painter,army_painter_fanatic,null,#5B3B2F,metallic,
Ferocious Green,army_painter,army_painter_fanatic,null,#75C377,solid,
Fiendish Yellow,army_painter,army_painter_fanatic,null,#EC9A44,solid,
Figgy Pink,army_painter,army_painter_fanatic,null,#E3AFC9,solid,
Flickering Flame,army_painter,army_painter_fanatic,null,#F58B3D,solid,
Forbidden Fruit,army_painter,army_painter_fanatic,null,#CD88A9,solid,
Forest Faun,army_painter,army_painter_fanatic,null,#A1C7AF,solid,
Frost Blue,army_painter,army_painter_fanatic,null,#9ABEDE,solid,
Fur Brown,army_painter,army_painter_fanatic,null,#774544,solid,
Gargoyle Grey,army_painter,army_painter_fanatic,null,#A8A292,solid,
Gemstone Red,army_painter,army_painter_fanatic,null,#821D23,solid,
Glittering Green,army_painter,army_painter_fanatic,null,#2E794A,solid,
Glowing Inferno,army_painter,army_painter_fanatic,null,#F79D42,exclude,
Gothic Blue,army_painter,army_painter_fanatic,null,#2E3E79,solid,
Great Hall Grey,army_painter,army_painter_fanatic,null,#BBB4A6,solid,
Greedy Gold,army_painter,army_painter_fanatic,null,#745218,metallic,
Greenskin,army_painter,army_painter_fanatic,null,#1F7843,solid,
Grey Castle,army_painter,army_painter_fanatic,null,#929286,solid,
Grotesque Green,army_painter,army_painter_fanatic,null,#B3C29D,solid,
Guardian Green,army_painter,army_painter_fanatic,null,#226248,solid,
Gun Metal,army_painter,army_painter_fanatic,null,#4F5053,metallic,
Hexed Violet,army_painter,army_painter_fanatic,null,#8D81BE,solid,
Hydra Turquoise,army_painter,army_painter_fanatic,null,#149398,solid,
Ice Yellow,army_painter,army_painter_fanatic,null,#FFEDAD,solid,
Imperial Navy,army_painter,army_painter_fanatic,null,#063565,solid,
Impish Rouge,army_painter,army_painter_fanatic,null,#D957A0,solid,
Inner Light,army_painter,army_painter_fanatic,null,#FDCB5F,solid,
Jasper Skin,army_painter,army_painter_fanatic,null,#BA7372,solid,
Kraken Lavender,army_painter,army_painter_fanatic,null,#D5CAE5,solid,
Lava Orange,army_painter,army_painter_fanatic,null,#F5792C,solid,
Leafy Green,army_painter,army_painter_fanatic,null,#76C045,solid,
Leather Brown,army_painter,army_painter_fanatic,null,#7C5B54,solid,
Legendary Red,army_painter,army_painter_fanatic,null,#EF4B3E,solid,
Leopard Stone Skin,army_painter,army_painter_fanatic,null,#E7B4B1,solid,
Magecast Magenta,army_painter,army_painter_fanatic,null,#704099,solid,
Marine Mist,army_painter,army_painter_fanatic,null,#94D6D7,solid,
Matt Black,army_painter,army_painter_fanatic,null,#000000,solid,
Matt White,army_painter,army_painter_fanatic,null,#FFFFFF,solid,
Medieval Forest,army_painter,army_painter_fanatic,null,#437C6D,solid,
Mithril,army_painter,army_painter_fanatic,null,#9E9FA3,solid,
Mocca Skin,army_painter,army_painter_fanatic,null,#81655A,solid,
Moldy Wine,army_painter,army_painter_fanatic,null,#7D3451,solid,
Molten Lava,army_painter,army_painter_fanatic,null,#F05A3E,solid,
Moonstone Skin,army_painter,army_painter_fanatic,null,#C57B74,solid,
Mossy Green,army_painter,army_painter_fanatic,null,#B1DCC0,solid,
Mulled Berry,army_painter,army_painter_fanatic,null,#623348,solid,
Necrotic Flesh,army_painter,army_painter_fanatic,null,#9AA984,solid,
Neptune Glow,army_painter,army_painter_fanatic,null,#75CED4,exclude,
Night Sky,army_painter,army_painter_fanatic,null,#304358,solid,
Oak Brown,army_painter,army_painter_fanatic,null,#39262A,solid,
Obsidian Skin,army_painter,army_painter_fanatic,null,#4A4046,solid,
Olive Drab,army_painter,army_painter_fanatic,null,#7A905F,solid,
Onyx Skin,army_painter,army_painter_fanatic,null,#664A4D,solid,
Opal Skin,army_painter,army_painter_fanatic,null,#FFD2C8,solid,
Pale Sand,army_painter,army_painter_fanatic,null,#EFEAD3,solid,
Paratrooper Tan,army_painter,army_painter_fanatic,null,#9A776C,solid,
Patagon Pine,army_painter,army_painter_fanatic,null,#63917F,solid,
Pearl Skin,army_painter,army_painter_fanatic,null,#FFE3D8,solid,
Phalanx Blue,army_painter,army_painter_fanatic,null,#048BAE,solid,
Pharaoh Guard,army_painter,army_painter_fanatic,null,#0C7C61,solid,
Pink Potion,army_painter,army_painter_fanatic,null,#F4B9D4,solid,
Pixie Pink,army_painter,army_painter_fanatic,null,#D96FAE,solid,
Plate Mail Metal,army_painter,army_painter_fanatic,null,#686A6E,metallic,
Prairie Ochre,army_painter,army_painter_fanatic,null,#696242,solid,
Pure Red,army_painter,army_painter_fanatic,null,#CD151C,solid,
Quartz Skin,army_painter,army_painter_fanatic,null,#F0D0B4,solid,
Raging Rose,army_painter,army_painter_fanatic,null,#E96663,solid,
Raging Rouge,army_painter,army_painter_fanatic,null,#F68F82,solid,
Rainforest,army_painter,army_painter_fanatic,null,#8BC63E,solid,
Red Copper,army_painter,army_painter_fanatic,null,#4D2C30,metallic,
Regal Blue,army_painter,army_painter_fanatic,null,#004F88,solid,
Resplendent Red,army_painter,army_painter_fanatic,null,#96272F,solid,
Rough Iron,army_painter,army_painter_fanatic,null,#352D25,solid,
Royal Blue,army_painter,army_painter_fanatic,null,#0162AF,solid,
Ruby Skin,army_painter,army_painter_fanatic,null,#FBB99D,solid,
Ruddy Umber,army_painter,army_painter_fanatic,null,#985951,solid,
Runic Cobalt,army_painter,army_painter_fanatic,null,#7496B4,solid,
Sacred Scarlet,army_painter,army_painter_fanatic,null,#F1634C,solid,
Scarab Green,army_painter,army_painter_fanatic,null,#193C44,solid,
Shieldwall Blue,army_painter,army_painter_fanatic,null,#08A1CC,solid,
Shining Silver,army_painter,army_painter_fanatic,null,#86888C,metallic,
Skeleton Bone,army_painter,army_painter_fanatic,null,#C2B293,solid,
Space Dust,army_painter,army_painter_fanatic,null,#FFE388,solid,
Spellbound Fuchsia,army_painter,army_painter_fanatic,null,#AD4DA0,solid,
Stratos Blue,army_painter,army_painter_fanatic,null,#33658F,solid,
Tainted Gold,army_painter,army_painter_fanatic,null,#575235,metallic,
Talisman Teal,army_painter,army_painter_fanatic,null,#1FAE91,solid,
Temple Gate Teal,army_painter,army_painter_fanatic,null,#046154,solid,
Terrestial Titan,army_painter,army_painter_fanatic,null,#303149,solid,
Thunderous Blue,army_painter,army_painter_fanatic,null,#34577B,solid,
Tidal Blue,army_painter,army_painter_fanatic,null,#026B93,solid,
Tiger’s Eye Skin,army_painter,army_painter_fanatic,null,#904D52,solid,
Tomb King Tan,army_painter,army_painter_fanatic,null,#A29278,solid,
Topaz Skin,army_painter,army_painter_fanatic,null,#B25A53,solid,
Tourmaline Skin,army_painter,army_painter_fanatic,null,#E3988B,solid,
Tree Ancient,army_painter,army_painter_fanatic,null,#513430,solid,
Triumphant Navy,army_painter,army_painter_fanatic,null,#1A2C53,solid,
True Brass,army_painter,army_painter_fanatic,null,#635D58,metallic,
True Copper,army_painter,army_painter_fanatic,null,#6B4731,metallic,
Tundra Taupe,army_painter,army_painter_fanatic,null,#4B4D3E,solid,
Turquoise Siren,army_painter,army_painter_fanatic,null,#29B3B9,solid,
Ultramarine Blue,army_painter,army_painter_fanatic,null,#284D8E,solid,
Uniform Grey,army_painter,army_painter_fanatic,null,#6B707C,solid,
Urban Buff,army_painter,army_painter_fanatic,null,#DBB9AB,solid,
Violent Vermillion,army_painter,army_painter_fanatic,null,#F37964,solid,
Violet Coven,army_painter,army_painter_fanatic,null,#A999C7,solid,
Vivid Volt,army_painter,army_painter_fanatic,null,#CFDC51,solid,
Warlock Magenta,army_painter,army_painter_fanatic,null,#834D9F,solid,
Warped Yellow,army_painter,army_painter_fanatic,null,#FED548,solid,
Wasteland Clay,army_painter,army_painter_fanatic,null,#A38755,solid,
Weapon Bronze,army_painter,army_painter_fanatic,null,#955610,metallic,
Weird Elixir,army_painter,army_painter_fanatic,null,#E092BF,solid,
Wicked Pink,army_painter,army_painter_fanatic,null,#CE0886,solid,
Wild Green,army_painter,army_painter_fanatic,null,#46B758,solid,
Wilted Rose,army_painter,army_painter_fanatic,null,#ECC5D7,solid,
Wolf Grey,army_painter,army_painter_fanatic,null,#4F78A3,solid,
Woodland Camo,army_painter,army_painter_fanatic,null,#4B6149,solid,
Worn Stone,army_painter,army_painter_fanatic,null,#C4BFB1,solid,
Wyvern Fury,army_painter,army_painter_fanatic,null,#993243,solid,
Brush-On Primer,army_painter,army_painter_fanatic_wash,null,#727475,exclude,
Dark Blue Tone,army_painter,army_painter_fanatic_wash,null,#17202E,wash,
Dark Red Tone,army_painter,army_painter_fanatic_wash,null,#2E131A,wash,
Dark Rust,army_painter,army_painter_fanatic_wash,null,#290F12,wash,
Dark Skin Shade,army_painter,army_painter_fanatic_wash,null,#443638,wash,
Data System Glow,army_painter,army_painter_fanatic_wash,null,#87C866,wash,
Dry Blood,army_painter,army_painter_fanatic_wash,null,#24000E,wash,
Fresh Rust,army_painter,army_painter_fanatic_wash,null,#C25428,wash,
Lens Flare Glow,army_painter,army_painter_fanatic_wash,null,#FFF464,wash,
Magenta Tone,army_painter,army_painter_fanatic_wash,null,#590135,wash,
Military Shade,army_painter,army_painter_fanatic_wash,null,#23270E,wash,
Oil Stains,army_painter,army_painter_fanatic_wash,null,#1D252B,wash,
Oozing Vomit,army_painter,army_painter_fanatic_wash,null,#7B5C1D,wash,
Orange Tone,army_painter,army_painter_fanatic_wash,null,#64300F,wash,
Plasma Coil Glow,army_painter,army_painter_fanatic_wash,null,#5ECDF4,wash,
Power Node Glow,army_painter,army_painter_fanatic_wash,null,#F286B5,wash,
Purple Tone,army_painter,army_painter_fanatic_wash,null,#241C31,wash,
Radiation Glow,army_painter,army_painter_fanatic_wash,null,#FBB375,wash,
Rust Tone,army_painter,army_painter_fanatic_wash,null,#452A11,wash,
Sepia Tone,army_painter,army_painter_fanatic_wash,null,#734014,wash,
Strong Skin Shade,army_painter,army_painter_fanatic_wash,null,#442824,wash,
Strong Tone,army_painter,army_painter_fanatic_wash,null,#211913,wash,
True Blood,army_painter,army_painter_fanatic_wash,null,#8D0422,wash,
Verdigris,army_painter,army_painter_fanatic_wash,null,#61B89B,wash,
Wash Medium,army_painter,army_painter_fanatic_wash,null,#B1B3B4,exclude,
Elven Armour,army_painter,army_painter_metallic,null,#003D81,metallic,
Aegis Suit Satin Varnish,army_painter,army_painter_primer,CP3027,#F4F7F7,exclude,
Anti-Shine Matt Varnish,army_painter,army_painter_primer,CP3003,#F0F0F0,exclude,
Blue Tone,army_painter,army_painter_quickshade,null,#0D2540,wash,
Dark Tone,army_painter,army_painter_quickshade,null,#0C060E,wash,
Green Tone,army_painter,army_painter_quickshade,null,#0F2B18,wash,
Light Tone,army_painter,army_painter_quickshade,null,#AB3B2C,wash,
Soft Tone,army_painter,army_painter_quickshade,null,#49251E,wash,
Garment Pigment Toner,army_painter,army_painter_skintones,null,#752330,solid,
Obsidian Pigment Toner,army_painter,army_painter_skintones,null,#1F2224,solid,
Pearl Pigment Toner,army_painter,army_painter_skintones,null,#EBE4E1,solid,
Tiger's Eye Skin,army_painter,army_painter_skintones,null,#7F4841,solid,
Dark Skin Wash,army_painter,army_painter_skintones_wash,null,#332123,wash,
Soft Skin Wash,army_painter,army_painter_skintones_wash,null,#6B412B,wash,
Strong Skin Wash,army_painter,army_painter_skintones_wash,null,#382A22,wash,
Absolution Green,army_painter,army_painter_speedpaint,null,#22311F,contrast,
Aged Hide,army_painter,army_painter_speedpaint,null,#D56C4F,contrast,
Algae Green,army_painter,army_painter_speedpaint,null,#9CAA53,contrast,
Ancient Honey,army_painter,army_painter_speedpaint,null,#EBBD21,contrast,
Ashen Stone,army_painter,army_painter_speedpaint,null,#B3B9B9,contrast,
Aztec Gold,army_painter,army_painter_speedpaint,null,#62732F,contrast,
Battleship Grey,army_painter,army_painter_speedpaint,null,#B7C6C9,contrast,
Beowulf Blue,army_painter,army_painter_speedpaint,null,#0C3F80,contrast,
Blinding Light,army_painter,army_painter_speedpaint,null,#F5F4EF,contrast,
Blood Red,army_painter,army_painter_speedpaint,null,#DB3016,contrast,
Bony Matter,army_painter,army_painter_speedpaint,null,#B69471,contrast,
Brazen Copper,army_painter,army_painter_speedpaint,null,#6A3D37,contrast,
Bright Red,army_painter,army_painter_speedpaint,null,#E15A3D,contrast,
Broadsword Silver,army_painter,army_painter_speedpaint,null,#595854,contrast,
Brownish Decay,army_painter,army_painter_speedpaint,null,#7B6C33,contrast,
Burnished Red,army_painter,army_painter_speedpaint,null,#633B33,contrast,
Burnt Moss,army_painter,army_painter_speedpaint,null,#4D5A50,contrast,
Camo Cloak,army_painter,army_painter_speedpaint,null,#5A713B,contrast,
Caribbean Ocean,army_painter,army_painter_speedpaint,null,#09A6B5,contrast,
Carmine Dragon,army_painter,army_painter_speedpaint,null,#DC3058,contrast,
Charming Chartreuse,army_painter,army_painter_speedpaint,null,#C9CF47,contrast,
Cloudburst Blue,army_painter,army_painter_speedpaint,null,#3C4258,contrast,
Crusader Skin,army_painter,army_painter_speedpaint,null,#EB9A5B,contrast,
Dark Wood,army_painter,army_painter_speedpaint,null,#482D1A,contrast,
Desolate Brown,army_painter,army_painter_speedpaint,null,#7A703B,contrast,
Dusk Red,army_painter,army_painter_speedpaint,null,#603E3D,contrast,
Enchanted Steel,army_painter,army_painter_speedpaint,null,#4F595B,contrast,
Familiar Pink,army_painter,army_painter_speedpaint,null,#D62F7F,contrast,
Fire Drake,army_painter,army_painter_speedpaint,null,#D2916B,contrast,
Fire Giant Orange,army_painter,army_painter_speedpaint,null,#BE3F20,contrast,
Forest Sprite,army_painter,army_painter_speedpaint,null,#6FA045,contrast,
Ghillie Dew,army_painter,army_painter_speedpaint,null,#90AC23,contrast,
Ghoul Green,army_painter,army_painter_speedpaint,null,#44A963,contrast,
Glittering Loot,army_painter,army_painter_speedpaint,null,#836608,contrast,
Goddess Glow,army_painter,army_painter_speedpaint,null,#9A5751,contrast,
Golden Armour,army_painter,army_painter_speedpaint,null,#714808,contrast,
Gravelord Grey,army_painter,army_painter_speedpaint,null,#44474C,contrast,
Grim Black,army_painter,army_painter_speedpaint,null,#161511,contrast,
Gunner Camo,army_painter,army_painter_speedpaint,null,#325141,contrast,
Hardened Leather,army_painter,army_painter_speedpaint,null,#8C501E,contrast,
Highlord Blue,army_painter,army_painter_speedpaint,null,#1B5682,contrast,
Hive Dweller Purple,army_painter,army_painter_speedpaint,null,#57366B,contrast,
Hoard Bronze,army_painter,army_painter_speedpaint,null,#867240,contrast,
Holy White,army_painter,army_painter_speedpaint,null,#FFFFFF,contrast,
Hoplite Gold,army_painter,army_painter_speedpaint,null,#907317,contrast,
Howling Sand,army_painter,army_painter_speedpaint,null,#CECFB0,contrast,
Lizardfolk Cyan,army_painter,army_painter_speedpaint,null,#39989C,contrast,
Maggot Skin,army_painter,army_painter_speedpaint,null,#CBC861,contrast,
Magic Blue,army_painter,army_painter_speedpaint,null,#116DAC,contrast,
Maize Yellow,army_painter,army_painter_speedpaint,null,#F6D31F,contrast,
Malignant Green,army_painter,army_painter_speedpaint,null,#BECB3D,contrast,
Malignent Green,army_painter,army_painter_speedpaint,null,#B2B886,contrast,
Moody Mauve,army_painter,army_painter_speedpaint,null,#A14F7D,contrast,
Moonlake Coral,army_painter,army_painter_speedpaint,null,#A5396D,contrast,
Mummified Grime,army_painter,army_painter_speedpaint,null,#666748,contrast,
Murder Scene,army_painter,army_painter_speedpaint,null,#6E2A39,contrast,
Noble Skin,army_painter,army_painter_speedpaint,null,#4F493D,contrast,
Nuclear Sunrise,army_painter,army_painter_speedpaint,null,#E56F25,exclude,
Occultist Cloak,army_painter,army_painter_speedpaint,null,#30323E,contrast,
Ochre Clay,army_painter,army_painter_speedpaint,null,#B8A936,contrast,
Pallid Bone,army_painter,army_painter_speedpaint,null,#E1CC95,contrast,
Pastel Indigo,army_painter,army_painter_speedpaint,null,#9FBCDA,contrast,
Pastel Lavender,army_painter,army_painter_speedpaint,null,#D5BFD4,contrast,
Pastel Salmon,army_painter,army_painter_speedpaint,null,#F3C498,contrast,
Pastel Seafoam,army_painter,army_painter_speedpaint,null,#B8D7C8,contrast,
Pastel Yellow,army_painter,army_painter_speedpaint,null,#F6E178,contrast,
Peachy Flesh,army_painter,army_painter_speedpaint,null,#EDA668,contrast,
Periwinkle Purple,army_painter,army_painter_speedpaint,null,#585396,contrast,
Plasmatic Bolt,army_painter,army_painter_speedpaint,null,#00816C,contrast,
Polished Silver,army_painter,army_painter_speedpaint,null,#888782,contrast,
Poppy Red,army_painter,army_painter_speedpaint,null,#C8453B,contrast,
Princess Pink,army_painter,army_painter_speedpaint,null,#E29FB0,contrast,
Purple Alchemy,army_painter,army_painter_speedpaint,null,#AE3F6A,contrast,
Purple Swarm,army_painter,army_painter_speedpaint,null,#653483,contrast,
Raging Sea,army_painter,army_painter_speedpaint,null,#1B95A4,contrast,
Rigor Mortis,army_painter,army_painter_speedpaint,null,#ADAD6F,contrast,
Royal Robes,army_painter,army_painter_speedpaint,null,#5363A1,contrast,
Ruddy Fur,army_painter,army_painter_speedpaint,null,#9D4925,contrast,
Runic Grey,army_painter,army_painter_speedpaint,null,#557989,contrast,
Sand Golem,army_painter,army_painter_speedpaint,null,#CB9413,contrast,
Satchel Brown,army_painter,army_painter_speedpaint,null,#583D32,contrast,
Shamrock Green,army_painter,army_painter_speedpaint,null,#60AB2C,contrast,
Slaughter Red,army_painter,army_painter_speedpaint,null,#7B191B,contrast,
Speedpaint Medium,army_painter,army_painter_speedpaint,null,#EFEFEF,exclude,
Talos Bronze,army_painter,army_painter_speedpaint,null,#6B3B27,contrast,
Thunderbird Blue,army_painter,army_painter_speedpaint,null,#66B797,contrast,
Tidal Wave,army_painter,army_painter_speedpaint,null,#1278B6,contrast,
Tyrian Navy,army_painter,army_painter_speedpaint,null,#2A414F,contrast,
Warrior Skin,army_painter,army_painter_speedpaint,null,#A37051,contrast,
Zealot Yellow,army_painter,army_painter_speedpaint,null,#F4D008,contrast,
Flesh Wash,army_painter,army_painter_tone,WP1143,#4A1B0E,wash,
Military Shader,army_painter,army_painter_tone,WP1471,#4C631C,wash,
Red Tone,army_painter,army_painter_tone,WP1138,#502114,wash,
Abomination Gore,army_painter,army_painter_warpaints,WP1401,#A32F26,solid,
Arid Earth,army_painter,army_painter_warpaints,WP1402,#FDEDC7,solid,
Babe Blonde,army_painter,army_painter_warpaints,WP1403,#FBDC04,solid,
Banshee Brown,army_painter,army_painter_warpaints,WP1404,#BFA59B,solid,
Basilisk Brown,army_painter,army_painter_warpaints,WP1405,#CF8100,solid,
Castle Grey,army_painter,army_painter_warpaints,WP1407,#8D887F,solid,
Centaur Skin,army_painter,army_painter_warpaints,WP1408,#E3B1A5,solid,
Chaotic Red,army_painter,army_painter_warpaints,WP1142,#6F1D06,solid,
Combat Fatigues,army_painter,army_painter_warpaints,WP1409,#868E59,solid,
Commando Green,army_painter,army_painter_warpaints,WP1410,#847F37,solid,
Corpse Pale,army_painter,army_painter_warpaints,WP1411,#EFD0AF,solid,
Crusted Sore,army_painter,army_painter_warpaints,WP1412,#843046,solid,
Crypt Wraith,army_painter,army_painter_warpaints,WP1413,#5D5F4D,solid,
Cultist Robe,army_painter,army_painter_warpaints,WP1414,#787164,solid,
Dark Sky,army_painter,army_painter_warpaints,WP1415,#314F5E,solid,
Dark Stone,army_painter,army_painter_warpaints,WP1425,#49383C,solid,
Deep Blue,army_painter,army_painter_warpaints,WP1116,#0E4E76,solid,
Dirt Spatter,army_painter,army_painter_warpaints,WP1416,#603920,solid,
Disgusting Slime,army_painter,army_painter_warpaints,WP1477,#CBB503,solid,
Drake Tooth,army_painter,army_painter_warpaints,WP1417,#D5D2BD,solid,
Dry Rust,army_painter,army_painter_warpaints,WP1479,#E74F35,solid,
Dungeon Grey,army_painter,army_painter_warpaints,WP1418,#676B70,solid,
Electric Blue,army_painter,army_painter_warpaints,WP1113,#5288B8,solid,
Elemental Bolt,army_painter,army_painter_warpaints,WP1419,#158E76,solid,
Elf Green,army_painter,army_painter_warpaints,WP1420,#4B5212,solid,
Elven Flesh,army_painter,army_painter_warpaints,WP1421,#F9BE94,solid,
Field Grey,army_painter,army_painter_warpaints,WP1481,#7D807B,solid,
Filthy Cape,army_painter,army_painter_warpaints,WP1424,#7D785A,solid,
Fire Lizard,army_painter,army_painter_warpaints,WP1426,#F07000,solid,
Fog Grey,army_painter,army_painter_warpaints,WP1427,#7A97B1,solid,
Glistening Blood,army_painter,army_painter_warpaints,WP1476,#B3082D,solid,
Gloss Varnish,army_painter,army_painter_warpaints,WP1473,#F7F7F7,exclude,
Goblin Green,army_painter,army_painter_warpaints,WP1109,#338E46,solid,
Gorgon Hide,army_painter,army_painter_warpaints,WP1428,#CFD7E7,solid,
Griffon Blue,army_painter,army_painter_warpaints,WP1429,#20477A,solid,
Grimoire Purple,army_painter,army_painter_warpaints,WP1444,#724860,solid,
Hardened Carapace,army_painter,army_painter_warpaints,WP1430,#44453B,solid,
Hemp Rope,army_painter,army_painter_warpaints,WP1431,#977C3A,solid,
Hydra Turqoise,army_painter,army_painter_warpaints,WP1141,#1E939C,solid,
Ice Storm,army_painter,army_painter_warpaints,WP1432,#3BA0CB,solid,
Jungle Green,army_painter,army_painter_warpaints,WP1433,#8EA901,solid,
Kobold Skin,army_painter,army_painter_warpaints,WP1434,#D89D8F,solid,
Kraken Skin,army_painter,army_painter_warpaints,WP1435,#71BF87,solid,
Mars Red,army_painter,army_painter_warpaints,WP1436,#D33830,solid,
Mid Brown,army_painter,army_painter_warpaints,WP1469,#925A11,solid,
Monster Brown,army_painter,army_painter_warpaints,WP1120,#9D6A5F,solid,
Moon Dust,army_painter,army_painter_warpaints,WP1438,#F0D45F,solid,
Mouldy Clothes,army_painter,army_painter_warpaints,WP1439,#3A7529,solid,
Mummy Robes,army_painter,army_painter_warpaints,WP1440,#EFDED6,solid,
Mutant Hue,army_painter,army_painter_warpaints,WP1441,#AC8A8D,solid,
Mythical Orange,army_painter,army_painter_warpaints,WP1442,#E22E0D,solid,
Necromancer Cloak,army_painter,army_painter_warpaints,WP1443,#413C47,solid,
Oozing Purple,army_painter,army_painter_warpaints,WP1445,#B29DB7,solid,
Orc Blood,army_painter,army_painter_warpaints,WP1422,#904B7A,solid,
Phoenix Flames,army_painter,army_painter_warpaints,WP1446,#F7A103,solid,
Poisonous Cloud,army_painter,army_painter_warpaints,WP1448,#CFDA2F,solid,
Royal Cloak,army_painter,army_painter_warpaints,WP1449,#1C9095,solid,
Scaly Hide,army_painter,army_painter_warpaints,WP1450,#939F8C,solid,
Scar Tissue,army_painter,army_painter_warpaints,WP1480,#CF8C73,solid,
Snake Scales,army_painter,army_painter_warpaints,WP1453,#8EAE11,solid,
Spaceship Exterior,army_painter,army_painter_warpaints,WP1454,#D6D6D6,solid,
Stone Golem,army_painter,army_painter_warpaints,WP1455,#C3C5BE,solid,
Sulfide Ochre,army_painter,army_painter_warpaints,WP1456,#C78600,solid,
Tanned Flesh,army_painter,army_painter_warpaints,WP1127,#BB6F51,solid,
Toxic Boils,army_painter,army_painter_warpaints,WP1457,#A66E7D,solid,
Toxic Mist,army_painter,army_painter_warpaints,WP1437,#40BAC0,solid,
Troglodyte Blue,army_painter,army_painter_warpaints,WP1458,#2588B9,solid,
Troll Claws,army_painter,army_painter_warpaints,WP1459,#CB883E,solid,
Vampire Red,army_painter,army_painter_warpaints,WP1460,#98172A,solid,
Venom Wyrm,army_painter,army_painter_warpaints,WP1461,#6A653E,solid,
Viking Blue,army_painter,army_painter_warpaints,WP1462,#1C5B98,solid,
Voidshield Blue,army_painter,army_painter_warpaints,WP1452,#5BBCD7,solid,
Warlock Purple,army_painter,army_painter_warpaints,WP1451,#C34D81,solid,
Warpaints Mixing Medium,army_painter,army_painter_warpaints,WP1475,#EFEFEF,exclude,
Wasteland Soil,army_painter,army_painter_warpaints,WP1463,#844857,solid,
Werewolf Fur,army_painter,army_painter_warpaints,WP1464,#796352,solid,
Wet Mud,army_painter,army_painter_warpaints,WP1478,#9E3E35,solid,
Witch Brew,army_painter,army_painter_warpaints,WP1465,#919634,solid,
Wizards Orb,army_painter,army_painter_warpaints,WP1466,#0F7260,solid,
Quickshade Wash Mixing Medium,army_painter,army_painter_wash,WP1474,#EEEFEF,exclude,
Air Caste Thinner,citadel,citadel_air,,#F9F9F9,exclude,
Angron Red Clear,citadel,citadel_air,,#E21823,exclude,
Calth Blue Clear,citadel,citadel_air,,#0087D1,exclude,
Chemos Purple,citadel,citadel_air,,#4F356C,solid,
Deathshroud Clear,citadel,citadel_air,,#1C1C1B,exclude,
Eidolon Purple Clear,citadel,citadel_air,,#7D4D99,exclude,
Mortarion Green Clear,citadel,citadel_air,,#00832B,exclude,
Pyroclast Orange Clear,citadel,citadel_air,,#ED8022,exclude,
Relictor Gold,citadel,citadel_air,,#EAC58F,metallic,
Sigismund Yellow Clear,citadel,citadel_air,,#FFE32F,exclude,
Terminatus Stone,citadel,citadel_air,,#C8B79D,solid,
Thallax Gold,citadel,citadel_air,,#E88F47,metallic,
Typhon Ash,citadel,citadel_air,,#E4D8C1,solid,
Valdor Gold,citadel,citadel_air,,#CE8D51,metallic,
Abaddon Black,citadel,citadel_base,,#000000,solid,
Averland Sunset,citadel,citadel_base,,#FBB81C,solid,
Balthasar Gold,citadel,citadel_base,,#A77353,metallic,
Barak-Nar Burgundy,citadel,citadel_base,,#451636,solid,
Bugman Glow,citadel,citadel_base,,#804C43,exclude,
Caledor Sky,citadel,citadel_base,,#366699,solid,
Caliban Green,citadel,citadel_base,,#003D15,solid,
Castellan Green,citadel,citadel_base,,#264715,solid,
Catachan Fleshtone,citadel,citadel_base,,#442B25,solid,
Celestra Grey,citadel,citadel_base,,#8BA3A3,solid,
Corax White,citadel,citadel_base,,#FFFFFF,solid,
Corvus Black,citadel,citadel_base,,#171314,solid,
Daemonette Hide,citadel,citadel_base,,#655F81,solid,
Death Guard Green,citadel,citadel_base,,#6D774D,solid,
Death Korps Drab,citadel,citadel_base,,#3D4539,solid,
Deathworld Forest,citadel,citadel_base,,#556229,solid,
Dryad Bark,citadel,citadel_base,,#2B2A24,solid,
Gal Vorbak Red,citadel,citadel_base,,#4B213C,solid,
Grey Knights Steel,citadel,citadel_base,,#B0BDC6,metallic,
Grey Seer,citadel,citadel_base,,#A2A5A7,solid,
Hobgrot Hide,citadel,citadel_base,,#9C823B,solid,
Incubi Darkness,citadel,citadel_base,,#082E32,solid,
Ionrach Skin,citadel,citadel_base,,#97A384,solid,
Iron Hands Steel,citadel,citadel_base,,#B2A79F,metallic,
Iron Warriors,citadel,citadel_base,,#706E6B,solid,
Jokaero Orange,citadel,citadel_base,,#ED3814,solid,
Kantor Blue,citadel,citadel_base,,#02134E,solid,
Khorne Red,citadel,citadel_base,,#650001,solid,
Leadbelcher,citadel,citadel_base,,#969696,metallic,
Lupercal Green,citadel,citadel_base,,#002C2B,solid,
Macragge Blue,citadel,citadel_base,,#0F3D7C,solid,
Mechanicus Standard Grey,citadel,citadel_base,,#39484A,solid,
Mephiston Red,citadel,citadel_base,,#960C09,solid,
Morghast Bone,citadel,citadel_base,,#C0A973,solid,
Mournfang Brown,citadel,citadel_base,,#490F06,solid,
Naggaroth Night,citadel,citadel_base,,#3B2B50,solid,
Night Lords Blue,citadel,citadel_base,,#002B5C,solid,
Nocturne Green,citadel,citadel_base,,#162A29,solid,
Orruk Flesh,citadel,citadel_base,,#97C17E,solid,
Phoenician Purple,citadel,citadel_base,,#440052,solid,
Rakarth Flesh,citadel,citadel_base,,#9C998D,solid,
Ratskin Flesh,citadel,citadel_base,,#A86648,solid,
Retributor Armour,citadel,citadel_base,,#EDC169,metallic,
Rhinox Hide,citadel,citadel_base,,#462F30,solid,
Runelord Brass,citadel,citadel_base,,#8D806F,metallic,
Screamer Pink,citadel,citadel_base,,#7A0E44,solid,
Screaming Bell,citadel,citadel_base,,#D18A5E,solid,
Steel Legion Drab,citadel,citadel_base,,#584E2D,metallic,
Stegadon Scale Green,citadel,citadel_base,,#06455D,solid,
The Fang,citadel,citadel_base,,#405B71,solid,
Thondia Brown,citadel,citadel_base,,#4F322C,solid,
Thousand Sons Blue,citadel,citadel_base,,#00506F,solid,
Waaagh! Flesh,citadel,citadel_base,,#0B3B36,solid,
Warplock Bronze,citadel,citadel_base,,#B36E4F,metallic,
Wraithbone,citadel,citadel_base,,#DBD1B2,solid,
XV-88,citadel,citadel_base,,#6C4811,solid,
Zandri Dust,citadel,citadel_base,,#988E56,solid,
Aethermatic Blue,citadel,citadel_contrast,,#1C7E92,contrast,
Aggaros Dunes,citadel,citadel_contrast,,#706542,contrast,
Akhelian Green,citadel,citadel_contrast,,#004F63,contrast,
Apothecary White,citadel,citadel_contrast,,#A5BED4,contrast,
Basilicanum Grey,citadel,citadel_contrast,,#212121,contrast,
Black Legion,citadel,citadel_contrast,,#232324,contrast,
Black Templar,citadel,citadel_contrast,,#171717,contrast,
Blood Angels Red,citadel,citadel_contrast,,#860B0E,contrast,
Creed Camo,citadel,citadel_contrast,,#145D2E,contrast,
Cygor Brown,citadel,citadel_contrast,,#3E1A17,contrast,
Dark Angels Green,citadel,citadel_contrast,,#00110F,contrast,
Darkoath Flesh,citadel,citadel_contrast,,#98615B,contrast,
Flesh Tearers Red,citadel,citadel_contrast,,#4B0402,contrast,
Fyreslayer Flesh,citadel,citadel_contrast,,#724E3C,contrast,
Gore-Grunta Fur,citadel,citadel_contrast,,#613B1F,contrast,
Gryph-Charger Grey,citadel,citadel_contrast,,#25698A,contrast,
Gryph-Hound Orange,citadel,citadel_contrast,,#94300E,contrast,
Guilliman Flesh,citadel,citadel_contrast,,#9F4639,contrast,
Iyanden Yellow,citadel,citadel_contrast,,#DB7F0C,contrast,
Leviadon Blue,citadel,citadel_contrast,,#000A13,contrast,
Magos Purple,citadel,citadel_contrast,,#7A3F6E,contrast,
Militarum Green,citadel,citadel_contrast,,#6B7711,contrast,
Nazdreg Yellow,citadel,citadel_contrast,,#6C4C00,contrast,
Ork Flesh,citadel,citadel_contrast,,#00591E,contrast,
Plaguebearer Flesh,citadel,citadel_contrast,,#718025,contrast,
Shyish Purple,citadel,citadel_contrast,,#2B0E42,contrast,
Skeleton Horde,citadel,citadel_contrast,,#A4966F,contrast,
Space Wolves Grey,citadel,citadel_contrast,,#1F486B,contrast,
Talassar Blue,citadel,citadel_contrast,,#003B70,contrast,
Terradon Turquoise,citadel,citadel_contrast,,#005862,contrast,
Ultramarines Blue,citadel,citadel_contrast,,#091948,contrast,
Volupus Pink,citadel,citadel_contrast,,#60001C,contrast,
Warp Lightning,citadel,citadel_contrast,,#005E26,contrast,
Wyldwood,citadel,citadel_contrast,,#432822,contrast,
Astorath Red,citadel,citadel_dry,,#A9311E,technical,
Changeling Pink,citadel,citadel_dry,,#F3ABCA,technical,
Chronus Blue,citadel,citadel_dry,,#4B90CF,technical,
Eldar Flesh,citadel,citadel_dry,,#E8C07F,technical,
Etherium Blue,citadel,citadel_dry,,#9EB5CE,technical,
Golden Griffon,citadel,citadel_dry,,#E1BA7F,technical,
Golgfag Brown,citadel,citadel_dry,,#8F502A,technical,
Hellion Green,citadel,citadel_dry,,#7FC1A5,technical,
Hexos Palesun,citadel,citadel_dry,,#FFF55A,technical,
Imrik Blue,citadel,citadel_dry,,#208ABF,technical,
Kindleflame,citadel,citadel_dry,,#F69C82,technical,
Longbeard Grey,citadel,citadel_dry,,#DBDCC6,technical,
Lucius Lilac,citadel,citadel_dry,,#B598C9,technical,
Necron Compound,citadel,citadel_dry,,#DADDDF,technical,
Niblet Green,citadel,citadel_dry,,#378C35,technical,
Praxeti White,citadel,citadel_dry,,#FFFFFF,technical,
Ryza Rust,citadel,citadel_dry,,#F16C23,technical,
Sigmarite,citadel,citadel_dry,,#D6AC57,technical,
Skink Blue,citadel,citadel_dry,,#54BDCA,technical,
Stormfang,citadel,citadel_dry,,#5A7FA3,technical,
Sylvaneth Bark,citadel,citadel_dry,,#4E483B,technical,
Tyrant Skull,citadel,citadel_dry,,#C8C483,technical,
Underhive Ash,citadel,citadel_dry,,#BCBB7E,technical,
Verminlord Hide,citadel,citadel_dry,,#7E3331,technical,
Wrack White,citadel,citadel_dry,,#D3D0CF,technical,
Adeptus Battlegrey,citadel,citadel_foundation_discontinued,,#4A4C58,exclude,
Astronomicon Grey,citadel,citadel_foundation_discontinued,,#93ABAF,exclude,
Bad Moon Yellow,citadel,citadel_foundation_discontinued,,#FFF200,exclude,
Beaten Copper,citadel,citadel_foundation_discontinued,,#73372D,exclude,
Bestial Brown,citadel,citadel_foundation_discontinued,,#7B4A39,exclude,
Bilious Green,citadel,citadel_foundation_discontinued,,#A9D171,exclude,
Black Ink,citadel,citadel_foundation_discontinued,,#000000,exclude,
Blazing Orange,citadel,citadel_foundation_discontinued,,#E65925,exclude,
Bleached Bone,citadel,citadel_foundation_discontinued,,#EED5AC,exclude,
Blood Red,citadel,citadel_foundation_discontinued,,#D2223E,exclude,
Boltgun Metal,citadel,citadel_foundation_discontinued,,#888789,exclude,
Brazen Brass,citadel,citadel_foundation_discontinued,,#966747,exclude,
Bronzed Flesh,citadel,citadel_foundation_discontinued,,#EC9A36,exclude,
Bubonic Brown,citadel,citadel_foundation_discontinued,,#B89142,exclude,
Burnished Gold,citadel,citadel_foundation_discontinued,,#E0C068,exclude,
Calthan Brown,citadel,citadel_foundation_discontinued,,#7A4231,exclude,
Camo Green,citadel,citadel_foundation_discontinued,,#878D52,exclude,
Catachan Green,citadel,citadel_foundation_discontinued,,#455440,exclude,
Chainmail,citadel,citadel_foundation_discontinued,,#8E8C91,exclude,
Chaos Black,citadel,citadel_foundation_discontinued,,#001522,exclude,
Charadon Granite,citadel,citadel_foundation_discontinued,,#463F39,exclude,
Codex Grey,citadel,citadel_foundation_discontinued,,#808285,exclude,
Commando Khaki,citadel,citadel_foundation_discontinued,,#9A8C7B,exclude,
Dark Flesh,citadel,citadel_foundation_discontinued,,#683B31,exclude,
Dark Green Ink,citadel,citadel_foundation_discontinued,,#108473,exclude,
Desert Yellow,citadel,citadel_foundation_discontinued,,#9C8855,exclude,
Dheneb Stone,citadel,citadel_foundation_discontinued,,#B8ACA0,exclude,
Dwarf Bronze,citadel,citadel_foundation_discontinued,,#A26840,exclude,
Dwarf Flesh,citadel,citadel_foundation_discontinued,,#DA9382,exclude,
Elf Flesh,citadel,citadel_foundation_discontinued,,#EDAE74,exclude,
Enchanted Blue,citadel,citadel_foundation_discontinued,,#0071B7,exclude,
Fenrys Grey,citadel,citadel_foundation_discontinued,,#2C4363,exclude,
Fiery Orange,citadel,citadel_foundation_discontinued,,#F47920,exclude,
Fortress Grey,citadel,citadel_foundation_discontinued,,#BCBDC0,exclude,
Ghostly Grey,citadel,citadel_foundation_discontinued,,#C3C6CD,exclude,
Goblin Green,citadel,citadel_foundation_discontinued,,#3D9353,exclude,
Golden Yellow,citadel,citadel_foundation_discontinued,,#FFC20E,exclude,
Graveyard Earth,citadel,citadel_foundation_discontinued,,#665238,exclude,
Gretchin Green,citadel,citadel_foundation_discontinued,,#7E6930,exclude,
Hawk Turquoise,citadel,citadel_foundation_discontinued,,#008194,exclude,
Hormagaunt Purple,citadel,citadel_foundation_discontinued,,#54496B,exclude,
Ice Blue,citadel,citadel_foundation_discontinued,,#81D3EB,exclude,
Imperial Purple,citadel,citadel_foundation_discontinued,,#562F7E,exclude,
Iyanden Darksun,citadel,citadel_foundation_discontinued,,#AD852E,exclude,
Jade Green,citadel,citadel_foundation_discontinued,,#069B7D,exclude,
Khemri Brown,citadel,citadel_foundation_discontinued,,#73614D,exclude,
Knarloc Green,citadel,citadel_foundation_discontinued,,#48563C,exclude,
Kommando Khaki,citadel,citadel_foundation_discontinued,,#9E915C,exclude,
Leprous Brown,citadel,citadel_foundation_discontinued,,#D88E2D,exclude,
Liche Purple,citadel,citadel_foundation_discontinued,,#2C2D8B,exclude,
Lightning Bolt Blue,citadel,citadel_foundation_discontinued,,#8BB9DD,exclude,
Macharius Solar Orange,citadel,citadel_foundation_discontinued,,#B94023,exclude,
Magenta Ink,citadel,citadel_foundation_discontinued,,#DE007B,exclude,
Mechrite Red,citadel,citadel_foundation_discontinued,,#A82014,exclude,
Midnight Blue,citadel,citadel_foundation_discontinued,,#002561,exclude,
Mithril Silver,citadel,citadel_foundation_discontinued,,#B7BEC5,exclude,
Mordian Blue,citadel,citadel_foundation_discontinued,,#244882,exclude,
Nauseating Blue,citadel,citadel_foundation_discontinued,,#412A7A,exclude,
Necron Abyss,citadel,citadel_foundation_discontinued,,#1A213D,exclude,
Orkhide Shade,citadel,citadel_foundation_discontinued,,#26372D,exclude,
Pallid Flesh,citadel,citadel_foundation_discontinued,,#EEC8C7,exclude,
Purple Ink,citadel,citadel_foundation_discontinued,,#842994,exclude,
Red Gore,citadel,citadel_foundation_discontinued,,#9D2B3F,exclude,
Regal Blue,citadel,citadel_foundation_discontinued,,#003F70,exclude,
Rotting Flesh,citadel,citadel_foundation_discontinued,,#B8C39E,exclude,
Scab Red,citadel,citadel_foundation_discontinued,,#90263D,exclude,
Scaly Green,citadel,citadel_foundation_discontinued,,#006063,exclude,
Scorched Brown,citadel,citadel_foundation_discontinued,,#5A422F,exclude,
Scorpion Green,citadel,citadel_foundation_discontinued,,#65B345,exclude,
Shadow Grey,citadel,citadel_foundation_discontinued,,#106993,exclude,
Shining Gold,citadel,citadel_foundation_discontinued,,#EFB736,exclude,
Skull White,citadel,citadel_foundation_discontinued,,#FFFFFF,exclude,
Snakebite Leather,citadel,citadel_foundation_discontinued,,#8C6C40,exclude,
Snot Green,citadel,citadel_foundation_discontinued,,#006F45,exclude,
Storm Blue,citadel,citadel_foundation_discontinued,,#27357E,exclude,
Sunburst Yellow,citadel,citadel_foundation_discontinued,,#FFD400,exclude,
Tallarn Flesh,citadel,citadel_foundation_discontinued,,#B27B67,exclude,
Tanned Flesh,citadel,citadel_foundation_discontinued,,#A95C3E,exclude,
Tausept Ochre,citadel,citadel_foundation_discontinued,,#A06E3B,exclude,
Tentacle Pink,citadel,citadel_foundation_discontinued,,#DC9DC6,exclude,
Terracotta,citadel,citadel_foundation_discontinued,,#793721,exclude,
Tin Bitz,citadel,citadel_foundation_discontinued,,#473F39,exclude,
Ultramarine Blue,citadel,citadel_foundation_discontinued,,#0066B3,exclude,
Vermin Brown,citadel,citadel_foundation_discontinued,,#843910,exclude,
Vermin Fur,citadel,citadel_foundation_discontinued,,#904F2E,exclude,
Vile Green,citadel,citadel_foundation_discontinued,,#82C59C,exclude,
Vomit Brown,citadel,citadel_foundation_discontinued,,#CE8B3C,exclude,
Warlock Purple,citadel,citadel_foundation_discontinued,,#A43E8B,exclude,
Bloodletter,citadel,citadel_glaze,,#F37355,technical,
Guilliman Blue,citadel,citadel_glaze,,#2F9AD6,technical,
Lamenters Yellow,citadel,citadel_glaze,,#FFF56B,technical,
Waywatcher Green,citadel,citadel_glaze,,#6DC066,technical,
Administratum Grey,citadel,citadel_layer,,#989C94,solid,
Ahriman Blue,citadel,citadel_layer,,#00708A,solid,
Alaitoc Blue,citadel,citadel_layer,,#2F4F85,solid,
Altdorf Guard Blue,citadel,citadel_layer,,#2D4696,solid,
Auric Armour Gold,citadel,citadel_layer,,#FFC451,metallic,
Baharroth Blue,citadel,citadel_layer,,#54BDCA,solid,
Balor Brown,citadel,citadel_layer,,#875408,solid,
Baneblade Brown,citadel,citadel_layer,,#8F7C68,solid,
Bestigor Flesh,citadel,citadel_layer,,#D08951,solid,
Bloodreaver Flesh,citadel,citadel_layer,,#6A4848,solid,
Blue Horror,citadel,citadel_layer,,#9EB5CE,solid,
Brass Scorpion,citadel,citadel_layer,,#A65D2C,metallic,
Cadian Fleshtone,citadel,citadel_layer,,#C47652,solid,
Calgar Blue,citadel,citadel_layer,,#2A497F,solid,
Canoptek Alloy,citadel,citadel_layer,,#C3B2AC,metallic,
Castellax Bronze,citadel,citadel_layer,,#C68351,metallic,
Dark Reaper,citadel,citadel_layer,,#354D4C,solid,
Dawnstone,citadel,citadel_layer,,#697068,solid,
Deathclaw Brown,citadel,citadel_layer,,#AF634F,solid,
Dechala Lilac,citadel,citadel_layer,,#B598C9,solid,
Deepkin Flesh,citadel,citadel_layer,,#A9B79F,solid,
Doombull Brown,citadel,citadel_layer,,#570003,solid,
Dorn Yellow,citadel,citadel_layer,,#FFF55A,solid,
Elysian Green,citadel,citadel_layer,,#6B8C37,solid,
Emperor Children,citadel,citadel_layer,,#B74073,solid,
Eshin Grey,citadel,citadel_layer,,#484B4E,solid,
Evil Sunz Scarlet,citadel,citadel_layer,,#C01411,solid,
Fenrisian Grey,citadel,citadel_layer,,#6D94B3,solid,
Fire Dragon Bright,citadel,citadel_layer,,#F4874E,solid,
Flash Gitz Yellow,citadel,citadel_layer,,#FFF300,solid,
Flayed One Flesh,citadel,citadel_layer,,#EEC483,solid,
Fulgrim Pink,citadel,citadel_layer,,#F3ABCA,solid,
Fulgurite Copper,citadel,citadel_layer,,#CE8D51,metallic,
Gauss Blaster Green,citadel,citadel_layer,,#7FC1A5,solid,
Gehenna Gold,citadel,citadel_layer,,#C96B18,metallic,
Genestealer Purple,citadel,citadel_layer,,#7658A5,solid,
Gorthor Brown,citadel,citadel_layer,,#5F463F,solid,
Hashut Copper,citadel,citadel_layer,,#BA885F,metallic,
Hoeth Blue,citadel,citadel_layer,,#4C78AF,solid,
Ironbreaker,citadel,citadel_layer,,#899092,metallic,
Kabalite Green,citadel,citadel_layer,,#008962,solid,
Kakophoni Purple,citadel,citadel_layer,,#8869AE,solid,
Karak Stone,citadel,citadel_layer,,#B7945C,solid,
Kislev Flesh,citadel,citadel_layer,,#D1A570,solid,
Knight-Questor Flesh,citadel,citadel_layer,,#996563,solid,
Krieg Khaki,citadel,citadel_layer,,#BCBB7E,solid,
Liberator Gold,citadel,citadel_layer,,#E1BA7F,metallic,
Loren Forest,citadel,citadel_layer,,#486C25,solid,
Lothern Blue,citadel,citadel_layer,,#2C9BCC,solid,
Lugganath Orange,citadel,citadel_layer,,#F69B82,solid,
Moot Green,citadel,citadel_layer,,#3DAF44,solid,
Nurgling Green,citadel,citadel_layer,,#7E975E,solid,
Ogryn Camo,citadel,citadel_layer,,#96A648,solid,
Pallid Wych Flesh,citadel,citadel_layer,,#CACCBB,solid,
Phalanx Yellow,citadel,citadel_layer,,#FFE200,solid,
Pink Horror,citadel,citadel_layer,,#8E2757,solid,
Runefang Steel,citadel,citadel_layer,,#C2C8CC,metallic,
Russ Grey,citadel,citadel_layer,,#507085,solid,
Screaming Skull,citadel,citadel_layer,,#B9C099,solid,
Skarsnik Green,citadel,citadel_layer,,#588F6B,solid,
Skavenblight Dinge,citadel,citadel_layer,,#45413B,solid,
Skrag Brown,citadel,citadel_layer,,#8B4806,solid,
Skullcrusher Brass,citadel,citadel_layer,,#F4CB7A,metallic,
Slaanesh Grey,citadel,citadel_layer,,#8B8893,solid,
Sons of Horus Green,citadel,citadel_layer,,#00545E,solid,
Sotek Green,citadel,citadel_layer,,#0B6371,solid,
Squig Orange,citadel,citadel_layer,,#A74D42,solid,
Stormhost Silver,citadel,citadel_layer,,#DADDDF,metallic,
Stormvermin Fur,citadel,citadel_layer,,#6D655F,solid,
Straken Green,citadel,citadel_layer,,#597F1C,solid,
Sybarite Green,citadel,citadel_layer,,#17A166,solid,
Sycorax Bronze,citadel,citadel_layer,,#BB9F84,metallic,
Tallarn Sand,citadel,citadel_layer,,#A07409,solid,
Tau Light Ochre,citadel,citadel_layer,,#BC6B10,solid,
Teclis Blue,citadel,citadel_layer,,#3877BF,solid,
Temple Guard Blue,citadel,citadel_layer,,#239489,solid,
Thunderhawk Blue,citadel,citadel_layer,,#396A70,solid,
Troll Slayer Orange,citadel,citadel_layer,,#F16C23,solid,
Tuskgor Fur,citadel,citadel_layer,,#863231,solid,
Ulthuan Grey,citadel,citadel_layer,,#C4DDD5,solid,
Ungor Flesh,citadel,citadel_layer,,#D1A560,solid,
Ushabti Bone,citadel,citadel_layer,,#ABA173,solid,
Vulkan Green,citadel,citadel_layer,,#223C2E,solid,
Warboss Green,citadel,citadel_layer,,#317E57,solid,
Warpfiend Grey,citadel,citadel_layer,,#66656E,solid,
Warpstone Glow,citadel,citadel_layer,,#0F702A,exclude,
Wazdakka Red,citadel,citadel_layer,,#880804,solid,
White Scar,citadel,citadel_layer,,#FFFFFF,solid,
Wild Rider Red,citadel,citadel_layer,,#E82E1B,solid,
Word Bearers Red,citadel,citadel_layer,,#620104,solid,
Xereus Purple,citadel,citadel_layer,,#47125A,solid,
Yriel Yellow,citadel,citadel_layer,,#FFD900,solid,
Zamesi Desert,citadel,citadel_layer,,#D89D1B,solid,
Agrax Earthshade,citadel,citadel_shade,,#A99D8D,wash,
Agrax Earthshade Gloss,citadel,citadel_shade,,#B4AA9E,wash,
Asurmen Blue Wash,citadel,citadel_shade,,#273E51,wash,
Athonian Camoshade,citadel,citadel_shade,,#B6B788,wash,
Baal Red Wash,citadel,citadel_shade,,#630808,wash,
Badab Black Wash,citadel,citadel_shade,,#000000,wash,
Biel-Tan Green,citadel,citadel_shade,,#7DA57A,wash,
Carroburg Crimson,citadel,citadel_shade,,#BE80A4,wash,
Cassandora Yellow,citadel,citadel_shade,,#F5CC92,wash,
Coelia Greenshade,citadel,citadel_shade,,#1B8F85,wash,
Cryptek Armourshade Gloss,citadel,citadel_shade,,#856A67,wash,
Devlan Mud Wash,citadel,citadel_shade,,#393121,wash,
Drakenhof Nightshade,citadel,citadel_shade,,#A1A5AF,wash,
Druchii Violet,citadel,citadel_shade,,#8F6592,wash,
Flesh Wash,citadel,citadel_shade,,#CE8C42,wash,
Fuegan Orange,citadel,citadel_shade,,#BB7648,wash,
Gryphonne Sepia Wash,citadel,citadel_shade,,#843910,wash,
Leviathan Purple Wash,citadel,citadel_shade,,#842994,wash,
Nuln Oil,citadel,citadel_shade,,#9E9A98,wash,
Nuln Oil Gloss,citadel,citadel_shade,,#B3AFAE,wash,
Ogryn Flesh Wash,citadel,citadel_shade,,#CE8C42,wash,
Reikland Fleshshade,citadel,citadel_shade,,#BE9A80,wash,
Reikland Fleshshade Gloss,citadel,citadel_shade,,#C2A896,wash,
Seraphim Sepia,citadel,citadel_shade,,#AE8158,wash,
Munitorum Varnish,citadel,citadel_spray,,#FAFAFA,exclude,
Smelly Primer,citadel,citadel_spray,,#FFFFFF,exclude,
'Ardcoat,citadel,citadel_technical,,#F9F9F9,technical,
Agrellan Badland,citadel,citadel_technical,,#B39E80,technical,
Agrellan Earth,citadel,citadel_technical,,#B39E80,technical,
Armageddon Dunes,citadel,citadel_technical,,#E8D36F,technical,
Armageddon Dust,citadel,citadel_technical,,#D2AD00,technical,
Astrogranite,citadel,citadel_technical,,#767675,technical,
Astrogranite Debris,citadel,citadel_technical,,#9D9D9D,technical,
Blood For The Blood God,citadel,citadel_technical,,#600106,technical,
Contrast Medium,citadel,citadel_technical,,#F9F9F9,exclude,
Hexwraith Flame,citadel,citadel_technical,,#29A236,technical,
Lahmian Medium,citadel,citadel_technical,,#F9F9F9,exclude,
Martian Ironcrust,citadel,citadel_technical,,#CF705D,technical,
Martian Ironearth,citadel,citadel_technical,,#CF705D,technical,
Mordant Earth,citadel,citadel_technical,,#171314,technical,
Nighthaunt Gloom,citadel,citadel_technical,,#3A686E,technical,
Nihilakh Oxide,citadel,citadel_technical,,#66B39A,technical,
Nurgles Rot,citadel,citadel_technical,,#9D8B16,technical,
Soulstone Blue,citadel,citadel_technical,,#142758,technical,
Spiritstone Red,citadel,citadel_technical,,#8A2A1E,technical,
Stirland Battlemire,citadel,citadel_technical,,#70490D,technical,
Stirland Mud,citadel,citadel_technical,,#482B00,technical,
Stormshield,citadel,citadel_technical,,#F9F9F9,technical,
Tesseract Glow,citadel,citadel_technical,,#65AB46,technical,
Typhus Corrosion,citadel,citadel_technical,,#373A22,technical,
Valhallan Blizzard,citadel,citadel_technical,,#E1E1E1,technical,
Waystone Green,citadel,citadel_technical,,#23513D,technical,
Antique Gold,vallejo,vallejo_arte_deco,85.015,#856A3B,exclude,
Antique Ochre,vallejo,vallejo_arte_deco,85.175,#CD9D37,exclude,
Antique White,vallejo,vallejo_arte_deco,85.002,#FCFDED,exclude,
Apple Green,vallejo,vallejo_arte_deco,85.082,#99DA84,exclude,
Arena Sand,vallejo,vallejo_arte_deco,85.012,#FEE8D9,exclude,
Autumn Red,vallejo,vallejo_arte_deco,85.176,#833331,exclude,
Baby Blue,vallejo,vallejo_arte_deco,85.061,#BCCEEC,exclude,
Baby Pink,vallejo,vallejo_arte_deco,85.046,#FEA8D6,exclude,
Berry Red,vallejo,vallejo_arte_deco,85.038,#A81915,exclude,
Blue Grey Mist,vallejo,vallejo_arte_deco,85.072,#6AA29F,exclude,
Blue Maze,vallejo,vallejo_arte_deco,85.073,#3B5D6A,exclude,
Blueberry,vallejo,vallejo_arte_deco,85.064,#1B2E6A,exclude,
Bluegrass Green,vallejo,vallejo_arte_deco,85.080,#007B59,exclude,
Bougainvillea,vallejo,vallejo_arte_deco,85.049,#AC2D84,exclude,
Boysenberry Pink,vallejo,vallejo_arte_deco,85.024,#DB4584,exclude,
Brandywine,vallejo,vallejo_arte_deco,85.042,#7B1C16,exclude,
Bright Green,vallejo,vallejo_arte_deco,85.091,#61C44E,exclude,
Burgundy,vallejo,vallejo_arte_deco,85.037,#C41422,exclude,
Burnt Orange,vallejo,vallejo_arte_deco,85.030,#D92625,exclude,
Burnt Sienna,vallejo,vallejo_arte_deco,85.116,#672C28,exclude,
Buttermilk,vallejo,vallejo_arte_deco,85.003,#FFFDE2,exclude,
Calico Red,vallejo,vallejo_arte_deco,85.033,#E20F16,exclude,
Cashmere Beige,vallejo,vallejo_arte_deco,85.107,#FEBDB5,exclude,
Charcoal Grey,vallejo,vallejo_arte_deco,85.119,#253338,exclude,
Colonial Green,vallejo,vallejo_arte_deco,85.074,#4F8384,exclude,
Cool Neutral Tone,vallejo,vallejo_arte_deco,85.103,#B2A48F,exclude,
Coral Rose,vallejo,vallejo_arte_deco,85.025,#ED7590,exclude,
Country Blue,vallejo,vallejo_arte_deco,85.056,#939ED6,exclude,
Country Red,vallejo,vallejo_arte_deco,85.034,#9F1B19,exclude,
Crackle Medium,vallejo,vallejo_arte_deco,84.160,#F8F5E5,exclude,
Cranberry,vallejo,vallejo_arte_deco,85.043,#4A2828,exclude,
Crimson Tide,vallejo,vallejo_arte_deco,85.039,#833F58,exclude,
Dark Chocolate,vallejo,vallejo_arte_deco,85.118,#522721,exclude,
Dark Orange,vallejo,vallejo_arte_deco,85.028,#E5371C,exclude,
Dark Orchid,vallejo,vallejo_arte_deco,85.048,#AF1F5C,exclude,
Dark Pine,vallejo,vallejo_arte_deco,85.084,#005D40,exclude,
Dark Rosewood,vallejo,vallejo_arte_deco,85.174,#421922,exclude,
Deep Teal,vallejo,vallejo_arte_deco,85.075,#01937E,exclude,
Desert Sand,vallejo,vallejo_arte_deco,85.011,#EDEBC6,exclude,
Desert Turquoise,vallejo,vallejo_arte_deco,85.078,#018D8C,exclude,
Dove Grey,vallejo,vallejo_arte_deco,85.101,#ECECEC,exclude,
Dusty Rose,vallejo,vallejo_arte_deco,85.020,#FC8992,exclude,
Evergreen,vallejo,vallejo_arte_deco,85.090,#1E3930,exclude,
Flesh Tone no. 2,vallejo,vallejo_arte_deco,85.018,#EEC3B2,exclude,
Forest Green,vallejo,vallejo_arte_deco,85.089,#055D2B,exclude,
Georgia Clay,vallejo,vallejo_arte_deco,85.031,#BE3E17,exclude,
Golden Ochre,vallejo,vallejo_arte_deco,85.110,#C87356,exclude,
Gooseberry Pink,vallejo,vallejo_arte_deco,85.023,#DC6888,exclude,
Grey Sky,vallejo,vallejo_arte_deco,85.102,#C5B4A8,exclude,
Harvest Yellow,vallejo,vallejo_arte_deco,85.013,#FEBB39,exclude,
Holly Green,vallejo,vallejo_arte_deco,85.094,#004A39,exclude,
Hyacinth Blue,vallejo,vallejo_arte_deco,85.055,#986BB8,exclude,
Hyacinth Rose,vallejo,vallejo_arte_deco,85.021,#D39699,exclude,
Indian Turquoise,vallejo,vallejo_arte_deco,85.071,#9BD5D9,exclude,
Kelly Green,vallejo,vallejo_arte_deco,85.092,#008E4D,exclude,
Lavender,vallejo,vallejo_arte_deco,85.054,#7E398C,exclude,
Leaf Green,vallejo,vallejo_arte_deco,85.098,#006E37,exclude,
Light Avocado,vallejo,vallejo_arte_deco,85.096,#5DA97A,exclude,
Light Magenta,vallejo,vallejo_arte_deco,85.047,#FA68B8,exclude,
Lila,vallejo,vallejo_arte_deco,85.051,#DDABD9,exclude,
Lt Cinnamon,vallejo,vallejo_arte_deco,85.115,#A27784,exclude,
Mauve,vallejo,vallejo_arte_deco,85.041,#9F4F5E,exclude,
Midnight Blue,vallejo,vallejo_arte_deco,85.070,#012D2C,exclude,
Mink Tan,vallejo,vallejo_arte_deco,85.108,#B57B69,exclude,
Mint Julep,vallejo,vallejo_arte_deco,85.077,#A6CBAA,exclude,
Mistletoe,vallejo,vallejo_arte_deco,85.093,#347645,exclude,
Mocha,vallejo,vallejo_arte_deco,85.112,#FB8A7C,exclude,
Naphthol Red,vallejo,vallejo_arte_deco,85.032,#C61819,exclude,
Navy Blue,vallejo,vallejo_arte_deco,85.069,#2E214F,exclude,
Neon Blue,vallejo,vallejo_arte_deco,85.137,#06266D,exclude,
Neon Green,vallejo,vallejo_arte_deco,85.138,#009331,exclude,
Neon Magenta,vallejo,vallejo_arte_deco,85.136,#E60068,exclude,
Neon Pink,vallejo,vallejo_arte_deco,85.135,#E50058,exclude,
Neon Red,vallejo,vallejo_arte_deco,85.134,#EB4E22,exclude,
Neon Yellow,vallejo,vallejo_arte_deco,85.132,#FFF170,exclude,
Old Silver,vallejo,vallejo_arte_deco,81.124,#CCBDBA,exclude,
Orange Pearl,vallejo,vallejo_arte_deco,85.133,#F58841,exclude,
Orchid,vallejo,vallejo_arte_deco,85.052,#DD97CF,exclude,
Pale Lavender,vallejo,vallejo_arte_deco,85.053,#CA64B6,exclude,
Peaches,vallejo,vallejo_arte_deco,85.019,#FCA6B4,exclude,
Pearl Medium,vallejo,vallejo_arte_deco,84.158,#C2C2C2,exclude,
Permanent Rose,vallejo,vallejo_arte_deco,85.173,#940D3B,exclude,
Pineapple,vallejo,vallejo_arte_deco,85.005,#DEEF90,exclude,
Plantation Pine,vallejo,vallejo_arte_deco,85.085,#206D2F,exclude,
Pumpkin,vallejo,vallejo_arte_deco,85.027,#F64128,exclude,
Raspberry,vallejo,vallejo_arte_deco,85.036,#943856,exclude,
Red Iron Oxide,vallejo,vallejo_arte_deco,85.040,#742916,exclude,
Rookwood Red,vallejo,vallejo_arte_deco,85.044,#663330,exclude,
Rose Red,vallejo,vallejo_arte_deco,85.035,#E82B6D,exclude,
Sable Brown,vallejo,vallejo_arte_deco,85.114,#915E48,exclude,
Salem Blue,vallejo,vallejo_arte_deco,85.062,#5A7E9F,exclude,
Sapphire Blue,vallejo,vallejo_arte_deco,85.059,#244997,exclude,
Sea Aqua,vallejo,vallejo_arte_deco,85.076,#85CAC7,exclude,
Slate Grey,vallejo,vallejo_arte_deco,85.104,#B4B3AE,exclude,
Spice Pink,vallejo,vallejo_arte_deco,85.022,#F4A5AB,exclude,
Spring Green,vallejo,vallejo_arte_deco,85.086,#DEF2CA,exclude,
Spring Yellow,vallejo,vallejo_arte_deco,85.081,#BCD731,exclude,
Taffy Cream,vallejo,vallejo_arte_deco,85.004,#EEF2CD,exclude,
Tangerine,vallejo,vallejo_arte_deco,85.026,#FB7129,exclude,
Taupe,vallejo,vallejo_arte_deco,85.105,#D37B82,exclude,
Teal Green,vallejo,vallejo_arte_deco,85.099,#457E6D,exclude,
Textile Medium,vallejo,vallejo_arte_deco,84.159,#ECECEC,exclude,
Toffee,vallejo,vallejo_arte_deco,85.111,#FAD1B1,exclude,
True Blue,vallejo,vallejo_arte_deco,85.058,#014C8D,exclude,
True Violet,vallejo,vallejo_arte_deco,85.050,#412B6C,exclude,
Tulip Yellow,vallejo,vallejo_arte_deco,85.010,#FDDA9A,exclude,
Ultra Blue Deep,vallejo,vallejo_arte_deco,85.060,#2E2979,exclude,
Uniform Blue,vallejo,vallejo_arte_deco,85.068,#363153,exclude,
Victorian Blue,vallejo,vallejo_arte_deco,85.067,#35578D,exclude,
Viridian Green,vallejo,vallejo_arte_deco,85.095,#056C41,exclude,
Warm Neutral Tone,vallejo,vallejo_arte_deco,85.106,#F39C81,exclude,
Wedgewood Blue,vallejo,vallejo_arte_deco,85.065,#324C65,exclude,
Williamsburg Blue,vallejo,vallejo_arte_deco,85.057,#5F779D,exclude,
Barbarian Flesh,vallejo,vallejo_game_air,72.771,#A17C62,solid,
Bronze Flesh Tone,vallejo,vallejo_game_air,72.736,#EF9849,metallic,
Burned Flesh,vallejo,vallejo_game_air,72.770,#A26641,solid,
Chain Mail Silver,vallejo,vallejo_game_air,72.753,#AEAEAE,metallic,
Cobra Leather,vallejo,vallejo_game_air,72.740,#855C26,solid,
Cold Grey,vallejo,vallejo_game_air,72.750,#828385,solid,
Dark Flesh Tone,vallejo,vallejo_game_air,72.744,#5B4844,solid,
Flesh,vallejo,vallejo_game_air,72.769,#F6BD90,solid,
Light Livery Green,vallejo,vallejo_game_air,72.733,#92BD16,solid,
Red Terracotta,vallejo,vallejo_game_air,72.772,#79423D,solid,
Stone Wall Grey,vallejo,vallejo_game_air,72.749,#A1A2A4,solid,
Abyssal Turquoise,vallejo,vallejo_game_color,72.120,#1B3E54,solid,
Alien Purple,vallejo,vallejo_game_color,72.076,#7161A8,solid,
Angel Green,vallejo,vallejo_game_color,72.123,#324D2C,solid,
Aquamarine,vallejo,vallejo_game_color,72.119,#007C74,solid,
Arctic White,vallejo,vallejo_game_color,72.002,#FFFFFF,solid,
Athena Skin,vallejo,vallejo_game_color,72.107,#C85B54,solid,
Barbarian Skin,vallejo,vallejo_game_color,72.071,#926641,solid,
Beasty Brown,vallejo,vallejo_game_color,72.043,#7F5525,solid,
Bile Green,vallejo,vallejo_game_color,72.122,#D5D900,solid,
Bloody Red,vallejo,vallejo_game_color,72.010,#D41C1C,solid,
Bone White,vallejo,vallejo_game_color,72.034,#BEA374,solid,
Brassy Brass,vallejo,vallejo_game_color,72.058,#E9D7CB,metallic,
Bright Bronze,vallejo,vallejo_game_color,72.057,#E7D5BF,metallic,
Bronze Brown,vallejo,vallejo_game_color,72.036,#B16921,metallic,
Brown,vallejo,vallejo_game_color,72.092,#9A632A,solid,
Camouflage Green,vallejo,vallejo_game_color,72.031,#8B7732,solid,
Cayman Green,vallejo,vallejo_game_color,72.067,#59542A,solid,
Chainmail,vallejo,vallejo_game_color,72.053,#E4E5E9,solid,
Charcoal,vallejo,vallejo_game_color,72.155,#363638,solid,
Charred Brown,vallejo,vallejo_game_color,72.045,#422A26,solid,
Dark Fleshtone,vallejo,vallejo_game_color,72.044,#603429,solid,
Dark Green,vallejo,vallejo_game_color,72.028,#1F3727,solid,
Dark Gunmetal,vallejo,vallejo_game_color,72.054,#DADADA,metallic,
Dark Turquoise,vallejo,vallejo_game_color,72.084,#01708B,solid,
Dead Flesh,vallejo,vallejo_game_color,72.035,#C3AA4D,solid,
Dead White,vallejo,vallejo_game_color,72.001,#FFFFFF,solid,
Deep Magenta,vallejo,vallejo_game_color,72.113,#622640,solid,
Dirty Grey,vallejo,vallejo_game_color,72.145,#675F30,solid,
Dried Blood,vallejo,vallejo_game_color,72.133,#622A1D,solid,
Dry Rust,vallejo,vallejo_game_color,72.136,#5E332D,solid,
Dwarf Skin,vallejo,vallejo_game_color,72.041,#D99169,solid,
Earth,vallejo,vallejo_game_color,72.062,#775730,solid,
Electric Blue,vallejo,vallejo_game_color,72.023,#4399B2,solid,
Elf Skin Tone,vallejo,vallejo_game_color,72.004,#CA8854,solid,
Elfic Blue,vallejo,vallejo_game_color,72.117,#50617D,solid,
Elfic Flesh,vallejo,vallejo_game_color,72.098,#EAD7B9,solid,
Evil Red,vallejo,vallejo_game_color,72.112,#461E26,solid,
Filthy Brown,vallejo,vallejo_game_color,72.037,#E99300,solid,
Fluorescent Blue,vallejo,vallejo_game_color,72.160,#0082CD,exclude,
Fluorescent Cold Green,vallejo,vallejo_game_color,72.161,#007074,exclude,
Fluorescent Green,vallejo,vallejo_game_color,72.104,#74B72C,exclude,
Fluorescent Magenta,vallejo,vallejo_game_color,72.158,#E8348D,exclude,
Fluorescent Orange,vallejo,vallejo_game_color,72.156,#E84E10,exclude,
Fluorescent Red,vallejo,vallejo_game_color,72.157,#DD2F52,exclude,
Fluorescent Violet,vallejo,vallejo_game_color,72.159,#6F257A,exclude,
Fluorescent Yellow,vallejo,vallejo_game_color,72.103,#F0E639,exclude,
Foul Green,vallejo,vallejo_game_color,72.025,#00A27D,solid,
Fresh Blood,vallejo,vallejo_game_color,72.132,#7E2B19,solid,
Ghost Green,vallejo,vallejo_game_color,72.121,#83C192,solid,
Ghost Grey,vallejo,vallejo_game_color,72.046,#C2CBD4,solid,
Glacier Blue,vallejo,vallejo_game_color,72.095,#CDD9F1,solid,
Glorious Gold,vallejo,vallejo_game_color,72.056,#F4E3C5,metallic,
Goblin Green,vallejo,vallejo_game_color,72.030,#576033,solid,
Gold Yellow,vallejo,vallejo_game_color,72.007,#D67419,metallic,
Gorgon Brown,vallejo,vallejo_game_color,72.124,#5A2E23,solid,
Gory Red,vallejo,vallejo_game_color,72.011,#7D1F1F,solid,
Green,vallejo,vallejo_game_color,72.089,#007133,solid,
Grunge Brown,vallejo,vallejo_game_color,72.115,#864326,solid,
Hammered Copper,vallejo,vallejo_game_color,72.059,#DCCFC7,metallic,
Heavy Black Green,vallejo,vallejo_game_color,72.147,#3E4943,solid,
Heavy Blue,vallejo,vallejo_game_color,72.143,#405B78,solid,
Heavy Bluegrey,vallejo,vallejo_game_color,72.144,#CBCAC8,solid,
Heavy Brown,vallejo,vallejo_game_color,72.153,#7B674E,solid,
Heavy Gold Brown,vallejo,vallejo_game_color,72.151,#B68644,metallic,
Heavy Green,vallejo,vallejo_game_color,72.146,#566637,solid,
Heavy Kakhi,vallejo,vallejo_game_color,72.149,#B49F50,solid,
Heavy Ochre,vallejo,vallejo_game_color,72.150,#AE7727,solid,
Heavy Orange,vallejo,vallejo_game_color,72.152,#EA5E0F,solid,
Heavy Red,vallejo,vallejo_game_color,72.141,#8D363C,solid,
Heavy Siena,vallejo,vallejo_game_color,72.154,#5E483B,solid,
Heavy Skin Tone,vallejo,vallejo_game_color,72.140,#AD8468,solid,
Heavy Violet,vallejo,vallejo_game_color,72.142,#484069,solid,
Hexed Lichen,vallejo,vallejo_game_color,72.015,#4B2753,solid,
Hot Orange,vallejo,vallejo_game_color,72.009,#E23922,solid,
Imperial Blue,vallejo,vallejo_game_color,72.020,#262A47,solid,
Jade Green,vallejo,vallejo_game_color,72.026,#007155,solid,
Livery Green,vallejo,vallejo_game_color,72.033,#9DC451,solid,
Lustful Purple,vallejo,vallejo_game_color,72.114,#B78BBC,solid,
Magic Blue,vallejo,vallejo_game_color,72.021,#0069AA,solid,
Midnight Purple,vallejo,vallejo_game_color,72.116,#2D1E33,solid,
Moon Yellow,vallejo,vallejo_game_color,72.005,#EEB800,solid,
Mutation Green,vallejo,vallejo_game_color,72.105,#4C7650,solid,
Night Blue,vallejo,vallejo_game_color,72.019,#202430,solid,
Nocturnal Red,vallejo,vallejo_game_color,72.111,#551C22,solid,
Orange Fire,vallejo,vallejo_game_color,72.008,#EB5B1E,solid,
Pale Flesh,vallejo,vallejo_game_color,72.003,#CBA37F,solid,
Pale Yellow,vallejo,vallejo_game_color,72.097,#EBCE7E,solid,
Parasite Brown,vallejo,vallejo_game_color,72.042,#A35C1E,solid,
Plague Brown,vallejo,vallejo_game_color,72.039,#AB7131,solid,
Polished Gold,vallejo,vallejo_game_color,72.055,#F8ECC2,metallic,
Rosy Flesh,vallejo,vallejo_game_color,72.100,#E58A6B,solid,
Rotten White,vallejo,vallejo_game_color,72.130,#F0EEEF,solid,
Rust,vallejo,vallejo_game_color,72.131,#E45314,solid,
Scarlet Blood,vallejo,vallejo_game_color,72.106,#C22222,solid,
Scarlet Red,vallejo,vallejo_game_color,72.012,#761E1D,solid,
Scorpy Green,vallejo,vallejo_game_color,72.032,#4F8436,solid,
Scrofulous Brown,vallejo,vallejo_game_color,72.038,#A7691C,solid,
Scurvy Green,vallejo,vallejo_game_color,72.027,#1F4D43,solid,
Sepia,vallejo,vallejo_game_color,72.091,#563D27,solid,
Sick Green,vallejo,vallejo_game_color,72.029,#406037,solid,
Skin,vallejo,vallejo_game_color,72.093,#5C2D27,solid,
Skin Tone,vallejo,vallejo_game_color,72.099,#E5AB85,solid,
Smokey Ink,vallejo,vallejo_game_color,72.068,#493632,solid,
Sombre Grey,vallejo,vallejo_game_color,72.048,#535D69,solid,
Squid Pink,vallejo,vallejo_game_color,72.013,#C778A5,solid,
Steel Grey,vallejo,vallejo_game_color,72.102,#7B92A2,metallic,
Stonewall Grey,vallejo,vallejo_game_color,72.049,#9C9384,solid,
Stormy Blue,vallejo,vallejo_game_color,72.018,#413F57,solid,
Succubus Skin,vallejo,vallejo_game_color,72.108,#933D46,solid,
Sun Yellow,vallejo,vallejo_game_color,72.006,#F6A300,solid,
Sunrise Blue,vallejo,vallejo_game_color,72.118,#73C9EC,solid,
Sunset Orange,vallejo,vallejo_game_color,72.110,#F4973A,solid,
Tan,vallejo,vallejo_game_color,72.066,#95604E,solid,
Terracotta,vallejo,vallejo_game_color,72.065,#693E38,solid,
Tinny Tin,vallejo,vallejo_game_color,72.060,#D5C7C6,metallic,
Toxic Yellow,vallejo,vallejo_game_color,72.109,#E8D457,solid,
Ultramarine Blue,vallejo,vallejo_game_color,72.022,#383967,solid,
Verdigris,vallejo,vallejo_game_color,72.135,#91CBCC,solid,
Violeta Wash,vallejo,vallejo_game_color,73.209,#886CA7,solid,
Vomit,vallejo,vallejo_game_color,72.134,#847C33,solid,
Warlord Purple,vallejo,vallejo_game_color,72.014,#862351,solid,
Warm Grey,vallejo,vallejo_game_color,72.148,#B29E9D,solid,
Wolf Grey,vallejo,vallejo_game_color,72.047,#C3D1D1,solid,
Yellow,vallejo,vallejo_game_color,72.085,#EBA90C,solid,
Yellow Wash,vallejo,vallejo_game_color,73.208,#E9E85C,solid,
Acid,vallejo,vallejo_game_fx,72.607,#539E5D,exclude,
Bile,vallejo,vallejo_game_fx,72.606,#A4C600,exclude,
Corrosion,vallejo,vallejo_game_fx,72.608,#572922,exclude,
Demon Blood,vallejo,vallejo_game_fx,72.603,#66477E,exclude,
Flesh Blood,vallejo,vallejo_game_fx,72.601,#F27466,exclude,
Frost,vallejo,vallejo_game_fx,72.604,#8AC9E3,exclude,
Galvanic Corrosion,vallejo,vallejo_game_fx,72.610,#EEAE76,exclude,
Green Rush,vallejo,vallejo_game_fx,72.605,#8CC5B2,exclude,
Thick Blood,vallejo,vallejo_game_fx,72.602,#954E43,exclude,
Blue Wash,vallejo,vallejo_game_wash,73.207,#1A5B9B,wash,
Flesh Wash,vallejo,vallejo_game_wash,73.204,#B67C78,wash,
Green Wash,vallejo,vallejo_game_wash,73.205,#72B25B,wash,
Pale Grey Wash,vallejo,vallejo_game_wash,73.202,#CACAD2,wash,
Red Wash,vallejo,vallejo_game_wash,73.206,#D55E86,wash,
Sepia Wash,vallejo,vallejo_game_wash,73.200,#8B622C,wash,
Umber Wash,vallejo,vallejo_game_wash,73.203,#766053,wash,
German Field Grey,vallejo,vallejo_hobby,28.006,#62625A,solid,
Panzer Grey,vallejo,vallejo_hobby,28.002,#4B4C50,solid,
Panzer Yellow,vallejo,vallejo_hobby,28.001,#94854E,solid,
Russian Uniform,vallejo,vallejo_hobby,28.007,#6B6452,solid,
UK Bronze Green,vallejo,vallejo_hobby,28.004,#535554,metallic,
US Khaki,vallejo,vallejo_hobby,28.009,#86785E,solid,
Green Gold,vallejo,vallejo_liquid_gold,70.795,#E3D8C4,metallic,
Red Gold,vallejo,vallejo_liquid_gold,70.794,#F3E2C8,metallic,
Rich Gold,vallejo,vallejo_liquid_gold,70.793,#E9DEC2,metallic,
White Gold,vallejo,vallejo_liquid_gold,70.796,#F6F6F6,metallic,
Black Wash,vallejo,vallejo_mecha_color,69.518,#010101,solid,
Brown Engine Soot (Matt),vallejo,vallejo_mecha_color,69.818,#5F351F,solid,
Chipping Brown,vallejo,vallejo_mecha_color,69.035,#484242,solid,
Dark Grey Green,vallejo,vallejo_mecha_color,69.041,#505251,solid,
Dark Rust Wash,vallejo,vallejo_mecha_color,69.507,#E05B10,solid,
Dark Steel,vallejo,vallejo_mecha_color,69.065,#737476,metallic,
Deep Blue,vallejo,vallejo_mecha_color,69.018,#0C97C2,solid,
Desert Dust Wash,vallejo,vallejo_mecha_color,69.522,#D8BB81,solid,
Fuel Stains (Gloss),vallejo,vallejo_mecha_color,69.814,#A06217,solid,
Green Blue,vallejo,vallejo_mecha_color,69.027,#8A9F80,solid,
Grey Sand,vallejo,vallejo_mecha_color,69.031,#BA9F72,solid,
Grey Z,vallejo,vallejo_mecha_color,69.039,#7A7B7D,solid,
Light Grey Wash,vallejo,vallejo_mecha_color,69.515,#C9C9C7,solid,
Light Rust Wash,vallejo,vallejo_mecha_color,69.505,#EB7919,solid,
Light Steel,vallejo,vallejo_mecha_color,69.064,#CDD6D3,metallic,
Mecha Gloss Varnish,vallejo,vallejo_mecha_color,69.701,#FFFFFF,exclude,
Mecha Matt Varnish,vallejo,vallejo_mecha_color,69.702,#FFFFFF,exclude,
Mecha Satin Varnish,vallejo,vallejo_mecha_color,69.703,#FFFFFF,exclude,
Oil Stains (Gloss),vallejo,vallejo_mecha_color,69.813,#73531A,solid,
Oiled Earth Wash,vallejo,vallejo_mecha_color,69.521,#6E5C52,solid,
Petrol Spills (Gloss),vallejo,vallejo_mecha_color,69.817,#141C1F,solid,
Phantom Grey,vallejo,vallejo_mecha_color,69.040,#535762,solid,
Pure Black,vallejo,vallejo_mecha_color,69.042,#010101,solid,
Pure White,vallejo,vallejo_mecha_color,69.001,#FFFFFF,solid,
Rust Texture (Matt),vallejo,vallejo_mecha_color,69.821,#69322B,solid,
Sz Red,vallejo,vallejo_mecha_color,69.009,#B33737,solid,
Titan Blue,vallejo,vallejo_mecha_color,69.013,#4D4D6F,solid,
Titan Dark Blue,vallejo,vallejo_mecha_color,69.022,#41454E,solid,
Aluminium,vallejo,vallejo_metal_color,77.701,#AEAEAE,metallic,
Burnt Iron,vallejo,vallejo_metal_color,77.721,#7D7D7B,metallic,
Chrome,vallejo,vallejo_metal_color,77.707,#AFAFAF,metallic,
Dark Aluminium,vallejo,vallejo_metal_color,77.703,#949496,metallic,
Dull Aluminium,vallejo,vallejo_metal_color,77.717,#BBBBBB,metallic,
Duraluminium,vallejo,vallejo_metal_color,77.702,#A4A4A4,metallic,
Exhaust Manifold,vallejo,vallejo_metal_color,77.723,#7D7D7B,metallic,
Gloss Metal Varnish,vallejo,vallejo_metal_color,77.657,#FFFFFF,exclude,
Gunmetal Grey,vallejo,vallejo_metal_color,77.720,#737373,metallic,
Jet Exhaust,vallejo,vallejo_metal_color,77.713,#797979,metallic,
Magnesium,vallejo,vallejo_metal_color,77.711,#858585,metallic,
Pale Burnt Metal,vallejo,vallejo_metal_color,77.704,#A9A9A9,metallic,
Semi Matt Aluminium,vallejo,vallejo_metal_color,77.716,#C0C1C3,metallic,
White Aluminium,vallejo,vallejo_metal_color,77.706,#BAB9BE,metallic,
3B Russian Green,vallejo,vallejo_model_air,71.281,#474946,solid,
6K Russian Brown,vallejo,vallejo_model_air,71.282,#4D4C4A,solid,
7K Russian Tan,vallejo,vallejo_model_air,71.283,#787059,solid,
A-14 Steel Grey,vallejo,vallejo_model_air,71.336,#697271,metallic,
A-24M Camouflage Green,vallejo,vallejo_model_air,71.303,#575944,solid,
A-28M Greyish Blue,vallejo,vallejo_model_air,71.319,#719F92,solid,
AII SV. Gol Light Blue,vallejo,vallejo_model_air,71.317,#7CC5D6,solid,
AMT-1 Light Grey Brown,vallejo,vallejo_model_air,71.320,#958B81,solid,
AMT-11 Blue Grey,vallejo,vallejo_model_air,71.304,#5A616B,solid,
AMT-12 Dark Grey,vallejo,vallejo_model_air,71.308,#43484C,solid,
AMT-4 Camouflage Green,vallejo,vallejo_model_air,71.301,#645D40,solid,
AMT-7 Greyish Blue,vallejo,vallejo_model_air,71.318,#628B9F,solid,
Aged White,vallejo,vallejo_model_air,71.132,#E3D3AF,solid,
Aggressor Gray,vallejo,vallejo_model_air,71.274,#7B7C7E,solid,
Aluminum (Metallic),vallejo,vallejo_model_air,71.062,#ACACB6,solid,
Anthracite Grey,vallejo,vallejo_model_air,71.052,#4E4F54,solid,
Arctic Blue (Metallic),vallejo,vallejo_model_air,71.071,#373C4F,solid,
Armour Brown,vallejo,vallejo_model_air,71.041,#4F4140,solid,
BS Dark Earth,vallejo,vallejo_model_air,71.323,#6C5B41,solid,
BS Dark Green,vallejo,vallejo_model_air,71.324,#444631,solid,
BS Medium Sea Grey,vallejo,vallejo_model_air,71.307,#80888B,exclude,
Black (Metallic),vallejo,vallejo_model_air,71.073,#625E6C,solid,
Black Green RLM70,vallejo,vallejo_model_air,71.021,#444645,solid,
Black Grey RLM66,vallejo,vallejo_model_air,71.055,#505153,solid,
Blue Grey,vallejo,vallejo_model_air,71.115,#454952,solid,
Bright Brass (Metallic),vallejo,vallejo_model_air,71.067,#9F8F5B,metallic,
Brown Green,vallejo,vallejo_model_air,71.030,#906F4E,solid,
Brown Grey,vallejo,vallejo_model_air,71.248,#62615F,solid,
Brown RLM26,vallejo,vallejo_model_air,71.105,#844138,solid,
Brown Violet RLM81,vallejo,vallejo_model_air,71.264,#635A49,solid,
Camouflage Brown,vallejo,vallejo_model_air,71.117,#AE906E,solid,
Camouflage Gray,vallejo,vallejo_model_air,71.280,#6A6C69,solid,
Camouflage Grey,vallejo,vallejo_model_air,71.118,#867966,solid,
Camouflage Grey Green,vallejo,vallejo_model_air,71.116,#7A694B,solid,
Camouflage Medium Brown,vallejo,vallejo_model_air,71.038,#5F4E3E,exclude,
Camouflage Pale Brown,vallejo,vallejo_model_air,71.035,#796453,solid,
Cement Grey,vallejo,vallejo_model_air,71.045,#91948B,solid,
Chrome (Metallic),vallejo,vallejo_model_air,71.064,#A8A8B2,metallic,
Cockpit Emerald Green “Faded”,vallejo,vallejo_model_air,71.331,#46857A,solid,
Concrete,vallejo,vallejo_model_air,71.131,#776D61,solid,
Copper (Metallic),vallejo,vallejo_model_air,71.068,#8C5C48,metallic,
Dark Blue RLM24,vallejo,vallejo_model_air,71.266,#2E4861,solid,
Dark Brown RLM61,vallejo,vallejo_model_air,71.042,#484745,solid,
Dark Earth,vallejo,vallejo_model_air,71.029,#5E5544,solid,
Dark Ghost Gray,vallejo,vallejo_model_air,71.120,#8A97A0,solid,
Dark Gray RLM42,vallejo,vallejo_model_air,71.123,#515352,solid,
Dark Green RLM71,vallejo,vallejo_model_air,71.015,#544C3F,solid,
Dark Green RLM83,vallejo,vallejo_model_air,71.011,#4E4E46,solid,
Dark Grey Blue,vallejo,vallejo_model_air,71.054,#484D51,solid,
Dark Gull Gray,vallejo,vallejo_model_air,71.277,#828385,solid,
Dark Mediterranean Blue,vallejo,vallejo_model_air,71.313,#2A3551,solid,
Dark Sea Gray,vallejo,vallejo_model_air,71.053,#4C535D,solid,
Dark Slate Grey,vallejo,vallejo_model_air,71.309,#5D5E56,solid,
Deep Sky,vallejo,vallejo_model_air,71.090,#35415B,solid,
Dirt,vallejo,vallejo_model_air,71.133,#7A6240,solid,
Eau de Nil “Duck Egg Green”,vallejo,vallejo_model_air,71.009,#C2C89C,solid,
Engine Gray,vallejo,vallejo_model_air,71.048,#555962,solid,
Faded P.R.U. Blue,vallejo,vallejo_model_air,71.109,#496570,solid,
Ferrari Red,vallejo,vallejo_model_air,71.085,#AF3532,solid,
Fire Red,vallejo,vallejo_model_air,71.084,#863E30,solid,
Flanker Blue,vallejo,vallejo_model_air,71.337,#91AEB4,solid,
Flanker Light Blue,vallejo,vallejo_model_air,71.334,#B1C4C8,solid,
Flanker Light Gray,vallejo,vallejo_model_air,71.335,#9DA6A5,solid,
French Blue,vallejo,vallejo_model_air,71.088,#1F4E7A,solid,
German Red Brown,vallejo,vallejo_model_air,71.271,#674239,solid,
German Yellow Brown,vallejo,vallejo_model_air,71.272,#846E49,solid,
Glossy Sea Blue,vallejo,vallejo_model_air,71.300,#242B35,solid,
Gold (Metallic),vallejo,vallejo_model_air,71.066,#9E8155,metallic,
Golden Brown,vallejo,vallejo_model_air,71.032,#876343,metallic,
Gray Blue RLM84,vallejo,vallejo_model_air,71.103,#A2A39B,solid,
Gray Green RLM74,vallejo,vallejo_model_air,71.258,#535554,solid,
Gray Violet,vallejo,vallejo_model_air,71.128,#646663,solid,
Green RLM62,vallejo,vallejo_model_air,71.104,#595C47,solid,
Green RLM72,vallejo,vallejo_model_air,71.263,#474948,solid,
Green RLM73,vallejo,vallejo_model_air,71.256,#444D4C,solid,
Green Zinc Chromate,vallejo,vallejo_model_air,71.094,#565D3B,solid,
Grey,vallejo,vallejo_model_air,71.047,#555C66,solid,
Grey RLM02,vallejo,vallejo_model_air,71.044,#7A7C67,solid,
Grey Violet RLM75,vallejo,vallejo_model_air,71.259,#616362,solid,
Gunmetal (Metallic),vallejo,vallejo_model_air,71.072,#7A7B80,metallic,
Hemp,vallejo,vallejo_model_air,71.023,#817964,solid,
IAF Sand,vallejo,vallejo_model_air,71.327,#C4B29A,solid,
IDF Blue,vallejo,vallejo_model_air,71.113,#59758A,solid,
IDF Sand Grey 73,vallejo,vallejo_model_air,71.141,#AA9F83,solid,
IDF Sinai Grey 82,vallejo,vallejo_model_air,71.142,#7B726D,solid,
IDF/IAF Green,vallejo,vallejo_model_air,71.126,#79866C,solid,
IJA Chrome Yellow,vallejo,vallejo_model_air,71.135,#F4A900,metallic,
IJA Dark Green,vallejo,vallejo_model_air,71.285,#52543F,solid,
IJA Earth Brown,vallejo,vallejo_model_air,71.136,#78644B,solid,
IJA Grey Green,vallejo,vallejo_model_air,71.326,#BBB39E,solid,
IJA Khaki Brown,vallejo,vallejo_model_air,71.287,#695940,solid,
IJA Light Grey Green,vallejo,vallejo_model_air,71.321,#A5AA93,solid,
IJA Midouri Green,vallejo,vallejo_model_air,71.134,#3E483D,solid,
IJA Olive Green,vallejo,vallejo_model_air,71.286,#544C3F,solid,
IJN Ash Grey,vallejo,vallejo_model_air,71.311,#89816C,solid,
IJN Black Green,vallejo,vallejo_model_air,71.322,#3E483D,solid,
IJN Dark Black Green,vallejo,vallejo_model_air,71.325,#434542,solid,
IJN Deep Dark Green,vallejo,vallejo_model_air,71.310,#36504D,solid,
IJN Medium Grey,vallejo,vallejo_model_air,71.312,#B9B0AB,exclude,
Insignia White,vallejo,vallejo_model_air,71.279,#E3E3DB,solid,
Interior Green,vallejo,vallejo_model_air,71.010,#645D40,solid,
Interior Grey Green,vallejo,vallejo_model_air,71.305,#96A28A,solid,
Ivory RLM05,vallejo,vallejo_model_air,71.106,#C8B269,solid,
JGSD Brown 3606,vallejo,vallejo_model_air,71.297,#70665C,solid,
Khaki Brown,vallejo,vallejo_model_air,71.024,#917957,solid,
Khaki Green Num.3,vallejo,vallejo_model_air,71.330,#615E4B,solid,
Light Blue,vallejo,vallejo_model_air,71.328,#C6C9C0,solid,
Light Blue RLM65,vallejo,vallejo_model_air,71.255,#899D9C,solid,
Light Blue RLM76,vallejo,vallejo_model_air,71.257,#96ABA4,solid,
Light Blue RLM78,vallejo,vallejo_model_air,71.101,#809590,solid,
Light Gray,vallejo,vallejo_model_air,71.050,#8C909B,solid,
Light Green Chromate,vallejo,vallejo_model_air,71.006,#5F6644,solid,
Light Green RLM25,vallejo,vallejo_model_air,71.267,#497868,solid,
Light Green RLM82,vallejo,vallejo_model_air,71.022,#4B4F3E,solid,
Light Grey RLM63,vallejo,vallejo_model_air,71.260,#6B6F60,solid,
Light Gull Gray,vallejo,vallejo_model_air,71.121,#A9AAA2,solid,
Light Olive,vallejo,vallejo_model_air,71.247,#68604D,solid,
Light Red,vallejo,vallejo_model_air,71.086,#E04622,solid,
Light Sea Blue,vallejo,vallejo_model_air,71.089,#02A4D5,solid,
Loam Beige,vallejo,vallejo_model_air,71.245,#988864,solid,
M495 Light Gray,vallejo,vallejo_model_air,71.298,#9C998A,solid,
Mahogany,vallejo,vallejo_model_air,71.036,#4A3B38,solid,
Medium Gray,vallejo,vallejo_model_air,71.114,#687E8B,exclude,
Medium Gunship Gray,vallejo,vallejo_model_air,71.097,#5A616B,exclude,
Medium Yellow,vallejo,vallejo_model_air,71.002,#F9B202,exclude,
Mud Brown,vallejo,vallejo_model_air,71.037,#8D6448,solid,
NATO Black,vallejo,vallejo_model_air,71.251,#38383A,solid,
NATO Brown,vallejo,vallejo_model_air,71.249,#5C4E45,solid,
NATO Green,vallejo,vallejo_model_air,71.093,#525A4F,solid,
Neutral Gray,vallejo,vallejo_model_air,71.051,#70777F,solid,
Num. 41 Dark Olive Drab,vallejo,vallejo_model_air,71.316,#544C3F,solid,
Ocean Gray,vallejo,vallejo_model_air,71.273,#6E757F,solid,
Ochre,vallejo,vallejo_model_air,71.081,#77693A,solid,
Olive Green RLM80,vallejo,vallejo_model_air,71.265,#4C4F3A,solid,
Orange,vallejo,vallejo_model_air,71.083,#E14C24,solid,
Orange Rust,vallejo,vallejo_model_air,71.130,#C76832,solid,
Pale Blue Grey,vallejo,vallejo_model_air,71.046,#969DA5,solid,
Pale Green,vallejo,vallejo_model_air,71.095,#75845B,solid,
Panzer Dark Gray,vallejo,vallejo_model_air,71.056,#434544,solid,
Red RLM23,vallejo,vallejo_model_air,71.003,#C71F1C,solid,
Russian AF Blue,vallejo,vallejo_model_air,71.333,#008EB4,solid,
Russian AF Dark Green,vallejo,vallejo_model_air,71.347,#4B4835,solid,
Russian AF Grey Blue,vallejo,vallejo_model_air,71.338,#A3ACAB,solid,
Russian AF Grey N.3,vallejo,vallejo_model_air,71.339,#858E8D,solid,
Russian AF Grey N.4,vallejo,vallejo_model_air,71.346,#AAA794,solid,
Russian AF Grey N.7,vallejo,vallejo_model_air,71.343,#739CB0,solid,
Russian AF Grey N.8,vallejo,vallejo_model_air,71.345,#A1B5BE,solid,
Russian AF Grey Protective Coat,vallejo,vallejo_model_air,71.344,#B3CBD7,solid,
Russian AF Light Blue,vallejo,vallejo_model_air,71.342,#AAC9C4,solid,
Russian Green 4BO,vallejo,vallejo_model_air,71.017,#52543F,solid,
Rust (Metallic),vallejo,vallejo_model_air,71.069,#755445,solid,
Sand,vallejo,vallejo_model_air,71.112,#9E887A,solid,
Sand Beige,vallejo,vallejo_model_air,71.244,#B5A48A,solid,
Sand Brown,vallejo,vallejo_model_air,71.034,#946B4F,solid,
Sand Yellow RLM79,vallejo,vallejo_model_air,71.278,#97744E,solid,
Sea Grey,vallejo,vallejo_model_air,71.049,#63686C,solid,
Seaplane Gray,vallejo,vallejo_model_air,71.314,#555756,solid,
Signal Blue,vallejo,vallejo_model_air,71.091,#383641,solid,
Signal Red (Metallic),vallejo,vallejo_model_air,71.070,#CB5970,solid,
Silver RLM01 (Metallic),vallejo,vallejo_model_air,71.063,#ADADB9,metallic,
Sky Type S,vallejo,vallejo_model_air,71.302,#A2A48C,solid,
Steel (Metallic),vallejo,vallejo_model_air,71.065,#BBBBC7,metallic,
Steel Blue,vallejo,vallejo_model_air,71.087,#195770,metallic,
Tire Black,vallejo,vallejo_model_air,71.315,#505153,solid,
UK Azure Blue,vallejo,vallejo_model_air,71.108,#728CAD,solid,
UK Light Mud,vallejo,vallejo_model_air,71.284,#87806E,solid,
UK Light Stone,vallejo,vallejo_model_air,71.143,#B29B69,solid,
US Desert Armour 686,vallejo,vallejo_model_air,71.122,#AE9B7D,solid,
US Desert Sand,vallejo,vallejo_model_air,71.140,#A98E79,solid,
US Earth Brown,vallejo,vallejo_model_air,71.290,#65594D,solid,
US Earth Red,vallejo,vallejo_model_air,71.293,#7B604F,solid,
US Earth Yellow,vallejo,vallejo_model_air,71.291,#BA915D,solid,
US Flat Brown,vallejo,vallejo_model_air,71.026,#8E6A4A,solid,
US Forest Green,vallejo,vallejo_model_air,71.294,#54544C,solid,
US Interior Yellow,vallejo,vallejo_model_air,71.107,#CBA552,solid,
US Light Green,vallejo,vallejo_model_air,71.137,#67633E,solid,
US Loam,vallejo,vallejo_model_air,71.292,#565751,solid,
US Sand,vallejo,vallejo_model_air,71.138,#96866D,solid,
USAAF Light Gray,vallejo,vallejo_model_air,71.296,#BCBCB4,solid,
USAF Brown,vallejo,vallejo_model_air,71.125,#8A715B,solid,
USAF Green,vallejo,vallejo_model_air,71.124,#4C5B58,solid,
USAF Light Blue,vallejo,vallejo_model_air,71.111,#526778,solid,
USAF Light Gray,vallejo,vallejo_model_air,71.276,#C3C5C2,solid,
USAF Medium Gray,vallejo,vallejo_model_air,71.275,#828385,exclude,
USAF Olive Drab,vallejo,vallejo_model_air,71.016,#635B46,solid,
USAF Tan,vallejo,vallejo_model_air,71.348,#BE9869,solid,
USN Sea Blue,vallejo,vallejo_model_air,71.295,#43484C,solid,
Uk BSC 64 Portland Stone,vallejo,vallejo_model_air,71.288,#CCBD96,solid,
Underside Blue “Faded”,vallejo,vallejo_model_air,71.332,#C4D4D1,solid,
Wood,vallejo,vallejo_model_air,71.077,#AB743B,solid,
Yellow Brown,vallejo,vallejo_model_air,71.246,#978674,solid,
Yellow RLM04,vallejo,vallejo_model_air,71.078,#E7A221,solid,
Amaranth Red,vallejo,vallejo_model_color,70.829,#D14E30,solid,
Andrea Blue,vallejo,vallejo_model_color,70.841,#0270AF,solid,
Azure,vallejo,vallejo_model_color,70.902,#5B6B9E,solid,
BC Dark Brown,vallejo,vallejo_model_color,70.768,#76563D,solid,
Basalt Grey,vallejo,vallejo_model_color,70.869,#5C5A5D,solid,
Basic Skin Tone,vallejo,vallejo_model_color,70.815,#E9AC8D,solid,
Beige,vallejo,vallejo_model_color,70.917,#DFBE6F,solid,
Beige Brown,vallejo,vallejo_model_color,70.875,#816041,solid,
Beige Red,vallejo,vallejo_model_color,70.804,#B06E4B,solid,
Black,vallejo,vallejo_model_color,70.950,#231D1D,solid,
Black Glaze,vallejo,vallejo_model_color,70.855,#383838,solid,
Black Green,vallejo,vallejo_model_color,70.980,#2A342B,solid,
Black Grey,vallejo,vallejo_model_color,70.862,#302722,solid,
Black Red,vallejo,vallejo_model_color,70.859,#552F2C,solid,
Black Violet,vallejo,vallejo_model_color,70.751,#392A31,solid,
Blue,vallejo,vallejo_model_color,70.925,#372C4C,solid,
Blue Fluorescent,vallejo,vallejo_model_color,70.736,#0370B1,exclude,
Blue Green,vallejo,vallejo_model_color,70.808,#007A89,solid,
Blue Grey Pale,vallejo,vallejo_model_color,70.905,#808686,solid,
Blue Violet,vallejo,vallejo_model_color,70.811,#59467E,solid,
Brass,vallejo,vallejo_model_color,70.801,#643B1D,metallic,
Bright Orange,vallejo,vallejo_model_color,70.851,#E05921,solid,
Bronze,vallejo,vallejo_model_color,70.998,#533C1D,metallic,
Bronze Green,vallejo,vallejo_model_color,70.897,#313A29,metallic,
Brown Glaze,vallejo,vallejo_model_color,70.854,#4E403D,solid,
Brown Rose,vallejo,vallejo_model_color,70.803,#9C6560,solid,
Brown Sand,vallejo,vallejo_model_color,70.876,#906145,solid,
Buff,vallejo,vallejo_model_color,70.976,#D7AF4D,solid,
Burnt Red,vallejo,vallejo_model_color,70.814,#763C3A,solid,
Burnt Umber,vallejo,vallejo_model_color,70.941,#513B2E,solid,
Camouflage Black Brown,vallejo,vallejo_model_color,70.822,#403436,solid,
Camouflage Black Green,vallejo,vallejo_model_color,70.741,#313129,solid,
Camouflage Dark Green,vallejo,vallejo_model_color,70.979,#263025,solid,
Camouflage Middle Brown,vallejo,vallejo_model_color,70.740,#513E20,solid,
Camouflage Olive Green,vallejo,vallejo_model_color,70.894,#3C3D2F,solid,
Canvas,vallejo,vallejo_model_color,70.763,#4D3E1F,solid,
Carmine Red,vallejo,vallejo_model_color,70.908,#97211F,solid,
Cavalry Brown,vallejo,vallejo_model_color,70.982,#84443A,solid,
Chestnut Brown,vallejo,vallejo_model_color,70.746,#603F36,solid,
Chocolate Brown,vallejo,vallejo_model_color,70.872,#58443D,solid,
Clear Orange,vallejo,vallejo_model_color,70.956,#CC4527,exclude,
Cold White,vallejo,vallejo_model_color,70.919,#F6F6F8,solid,
Continental Blue,vallejo,vallejo_model_color,70.754,#25242A,solid,
Copper,vallejo,vallejo_model_color,70.999,#803427,metallic,
Cork Brown,vallejo,vallejo_model_color,70.843,#A16F4E,solid,
Cream White,vallejo,vallejo_model_color,70.766,#E3D1C3,solid,
Dark Blue,vallejo,vallejo_model_color,70.930,#273461,solid,
Dark Blue Grey,vallejo,vallejo_model_color,70.904,#6D8589,solid,
Dark Flesh,vallejo,vallejo_model_color,70.927,#D3933B,solid,
Dark Grey,vallejo,vallejo_model_color,70.994,#312F32,solid,
Dark Prussian Blue,vallejo,vallejo_model_color,70.899,#372741,solid,
Dark Purple,vallejo,vallejo_model_color,70.749,#452733,solid,
Dark Red,vallejo,vallejo_model_color,70.946,#692F24,solid,
Dark Rose,vallejo,vallejo_model_color,70.745,#805252,solid,
Dark Rust,vallejo,vallejo_model_color,70.771,#3B2625,solid,
Dark Sand,vallejo,vallejo_model_color,70.847,#CBA868,solid,
Dark Sea Blue,vallejo,vallejo_model_color,70.898,#262C38,solid,
Dark Sea Green,vallejo,vallejo_model_color,70.868,#4B4545,solid,
Dark Sea Grey,vallejo,vallejo_model_color,70.991,#6C6B69,solid,
Dark Vermilion,vallejo,vallejo_model_color,70.947,#B52A27,solid,
Dark Yellow,vallejo,vallejo_model_color,70.978,#90873A,solid,
Deck Tan,vallejo,vallejo_model_color,70.986,#ABA390,solid,
Deep Green,vallejo,vallejo_model_color,70.970,#1B4B33,solid,
Deep Sky Blue,vallejo,vallejo_model_color,70.844,#4D95C5,solid,
Deep Yellow,vallejo,vallejo_model_color,70.915,#F1C701,solid,
Desert Brown,vallejo,vallejo_model_color,70.767,#AB8556,solid,
Desert Yellow,vallejo,vallejo_model_color,70.977,#B6854A,solid,
Emerald,vallejo,vallejo_model_color,70.838,#00624B,solid,
English Uniform,vallejo,vallejo_model_color,70.921,#6F532B,solid,
Extra Dark Green,vallejo,vallejo_model_color,70.896,#282A14,solid,
Fern Green,vallejo,vallejo_model_color,70.833,#475436,solid,
Field Blue,vallejo,vallejo_model_color,70.964,#4D5256,solid,
Flat Blue,vallejo,vallejo_model_color,70.962,#3F4873,solid,
Flat Brown,vallejo,vallejo_model_color,70.984,#703F38,solid,
Flat Earth,vallejo,vallejo_model_color,70.983,#69442A,solid,
Flat Flesh,vallejo,vallejo_model_color,70.955,#E09959,solid,
Flat Green,vallejo,vallejo_model_color,70.968,#374B2F,solid,
Flat Red,vallejo,vallejo_model_color,70.957,#A12B29,solid,
Flat Yellow,vallejo,vallejo_model_color,70.953,#F6BA36,solid,
French Mirage Blue,vallejo,vallejo_model_color,70.900,#5F6772,solid,
German Beige WWII,vallejo,vallejo_model_color,70.821,#796950,solid,
German Fieldgrey WWII,vallejo,vallejo_model_color,70.830,#58523C,solid,
German Grey,vallejo,vallejo_model_color,70.995,#2E2E2C,solid,
German Orange,vallejo,vallejo_model_color,70.805,#BA6254,solid,
German Tank Crew,vallejo,vallejo_model_color,70.759,#544A3E,solid,
German Uniform,vallejo,vallejo_model_color,70.920,#434D42,solid,
German Yellow,vallejo,vallejo_model_color,70.806,#CEB65E,solid,
Gloss White,vallejo,vallejo_model_color,70.842,#F5F3F4,solid,
Glossy Black,vallejo,vallejo_model_color,70.861,#241E1E,solid,
Gold,vallejo,vallejo_model_color,70.996,#996728,metallic,
Gold Brown,vallejo,vallejo_model_color,70.877,#BF873C,metallic,
Golden Olive,vallejo,vallejo_model_color,70.857,#808145,metallic,
Golden Yellow,vallejo,vallejo_model_color,70.948,#F8A734,metallic,
Green Brown,vallejo,vallejo_model_color,70.879,#816D32,solid,
Green Fluorescent,vallejo,vallejo_model_color,70.737,#A8C958,exclude,
Green Grey,vallejo,vallejo_model_color,70.971,#B5B6AE,solid,
Green Ochre,vallejo,vallejo_model_color,70.914,#A17F35,solid,
Green Sky,vallejo,vallejo_model_color,70.974,#7A9165,solid,
Green Yellow,vallejo,vallejo_model_color,70.881,#6E653C,solid,
Grey Blue,vallejo,vallejo_model_color,70.943,#596D85,solid,
Grey Brown,vallejo,vallejo_model_color,70.762,#5B4923,solid,
Grey Green,vallejo,vallejo_model_color,70.866,#41403E,solid,
Gunmetal,vallejo,vallejo_model_color,70.863,#352A2E,metallic,
Gunmetal Blue,vallejo,vallejo_model_color,70.800,#282834,metallic,
Gunship Green,vallejo,vallejo_model_color,70.895,#4C5840,solid,
Hull Red,vallejo,vallejo_model_color,70.985,#5C383C,solid,
Ice Yellow,vallejo,vallejo_model_color,70.858,#EECF72,solid,
Infantry Blue,vallejo,vallejo_model_color,70.752,#25212F,solid,
Intermediate Blue,vallejo,vallejo_model_color,70.903,#646D76,solid,
Intermediate Green,vallejo,vallejo_model_color,70.891,#506544,solid,
Iraqi Sand,vallejo,vallejo_model_color,70.819,#B49360,solid,
Ivory,vallejo,vallejo_model_color,70.918,#EBE2D1,solid,
Japanese Uniform WWII,vallejo,vallejo_model_color,70.923,#9F7F2A,solid,
Khaki,vallejo,vallejo_model_color,70.988,#6F5F3B,solid,
Khaki Grey,vallejo,vallejo_model_color,70.880,#7E6338,solid,
Lavender Grey,vallejo,vallejo_model_color,70.774,#7F6F6F,solid,
Leather Brown,vallejo,vallejo_model_color,70.871,#594335,solid,
Lemon Yellow,vallejo,vallejo_model_color,70.952,#E4D202,solid,
Light Brown,vallejo,vallejo_model_color,70.929,#A25B31,solid,
Light Flesh,vallejo,vallejo_model_color,70.928,#F3D4B8,solid,
Light Green,vallejo,vallejo_model_color,70.942,#007943,solid,
Light Green Blue,vallejo,vallejo_model_color,70.972,#86958E,solid,
Light Grey,vallejo,vallejo_model_color,70.990,#919294,solid,
Light Mud,vallejo,vallejo_model_color,70.760,#7C745D,solid,
Light Orange,vallejo,vallejo_model_color,70.911,#EE7228,solid,
Light Sea Grey,vallejo,vallejo_model_color,70.973,#A1B1B1,solid,
Light Turquoise,vallejo,vallejo_model_color,70.840,#006989,solid,
Light Violet,vallejo,vallejo_model_color,70.750,#A893BC,solid,
Light Yellow,vallejo,vallejo_model_color,70.949,#F8D347,solid,
Lime Green,vallejo,vallejo_model_color,70.827,#7F9435,solid,
London Grey,vallejo,vallejo_model_color,70.836,#696363,solid,
Luftwaffe Green,vallejo,vallejo_model_color,70.823,#393F25,solid,
Luftwaffe Uniform WWII,vallejo,vallejo_model_color,70.816,#44404E,solid,
Magenta,vallejo,vallejo_model_color,70.945,#903153,solid,
Magenta Fluorescent,vallejo,vallejo_model_color,70.735,#E6418D,exclude,
Mahogany Brown,vallejo,vallejo_model_color,70.846,#79504A,solid,
Mahogany Ink,vallejo,vallejo_model_color,70.828,#674641,solid,
Medium Blue,vallejo,vallejo_model_color,70.963,#16416C,exclude,
Medium Brown,vallejo,vallejo_model_color,70.826,#5B483A,exclude,
Medium Fleshtone,vallejo,vallejo_model_color,70.860,#B07940,exclude,
Medium Grey,vallejo,vallejo_model_color,70.987,#867259,exclude,
Medium Grey Blue,vallejo,vallejo_model_color,70.772,#779D92,exclude,
Medium Olive,vallejo,vallejo_model_color,70.850,#414E32,exclude,
Medium Sea Grey,vallejo,vallejo_model_color,70.870,#7D7B7C,exclude,
Middle Stone,vallejo,vallejo_model_color,70.882,#937F42,solid,
Military Green,vallejo,vallejo_model_color,70.975,#434434,solid,
Military Yellow,vallejo,vallejo_model_color,70.764,#937626,solid,
Mustard Brown,vallejo,vallejo_model_color,70.769,#9D714A,solid,
Natural Steel,vallejo,vallejo_model_color,70.864,#535258,metallic,
Natural Wood Grain,vallejo,vallejo_model_color,70.834,#EAA432,solid,
Neutral Grey,vallejo,vallejo_model_color,70.992,#61615F,solid,
New Wood,vallejo,vallejo_model_color,70.770,#8A633C,solid,
Ochre Brown,vallejo,vallejo_model_color,70.856,#AA793E,solid,
Off-White,vallejo,vallejo_model_color,70.820,#F5ECE7,solid,
Oily Steel,vallejo,vallejo_model_color,70.865,#484246,metallic,
Old Gold,vallejo,vallejo_model_color,70.878,#55371D,metallic,
Old Rose,vallejo,vallejo_model_color,70.944,#BC6D70,solid,
Olive Brown,vallejo,vallejo_model_color,70.889,#3F3126,solid,
Olive Green,vallejo,vallejo_model_color,70.967,#526138,solid,
Olive Grey,vallejo,vallejo_model_color,70.888,#40422D,solid,
Orange Brown,vallejo,vallejo_model_color,70.981,#AD623A,solid,
Orange Fluorescent,vallejo,vallejo_model_color,70.733,#E86016,exclude,
Orange Ochre,vallejo,vallejo_model_color,70.824,#AC8035,solid,
Orange Red,vallejo,vallejo_model_color,70.910,#DC4319,solid,
Oxford Blue,vallejo,vallejo_model_color,70.807,#3E3A53,solid,
Pale Blue,vallejo,vallejo_model_color,70.906,#90A3A9,solid,
Pale Brown,vallejo,vallejo_model_color,70.825,#9F8375,solid,
Pale Grey Blue,vallejo,vallejo_model_color,70.907,#A7B6B3,solid,
Pale Sand,vallejo,vallejo_model_color,70.837,#E3C28F,solid,
Park Green Flat,vallejo,vallejo_model_color,70.969,#21624A,solid,
Pastel Blue,vallejo,vallejo_model_color,70.901,#607A93,solid,
Pastel Green,vallejo,vallejo_model_color,70.885,#939870,solid,
Pink,vallejo,vallejo_model_color,70.958,#B04F7C,solid,
Prussian Blue,vallejo,vallejo_model_color,70.965,#3C405D,solid,
Purple,vallejo,vallejo_model_color,70.959,#533152,solid,
Red,vallejo,vallejo_model_color,70.926,#792825,solid,
Red Leather,vallejo,vallejo_model_color,70.818,#95543E,solid,
Refractive Green,vallejo,vallejo_model_color,70.890,#474A35,solid,
Royal Blue,vallejo,vallejo_model_color,70.809,#1A427D,solid,
Royal Purple,vallejo,vallejo_model_color,70.810,#4D2740,solid,
Russian Uniform WWII,vallejo,vallejo_model_color,70.924,#585336,solid,
Saddle Brown,vallejo,vallejo_model_color,70.940,#8C645C,solid,
Salmon Rose,vallejo,vallejo_model_color,70.835,#E28F7F,solid,
Sand Yellow,vallejo,vallejo_model_color,70.916,#EABF56,solid,
Scarlet,vallejo,vallejo_model_color,70.817,#C23D2E,solid,
Silver,vallejo,vallejo_model_color,70.997,#939290,metallic,
Silver Grey,vallejo,vallejo_model_color,70.883,#D8CDC9,metallic,
Sky Blue,vallejo,vallejo_model_color,70.961,#74B8CF,solid,
Sky Grey,vallejo,vallejo_model_color,70.989,#AAABAD,solid,
Smoke Ink,vallejo,vallejo_model_color,70.939,#5C4847,solid,
Splinter Green,vallejo,vallejo_model_color,70.756,#456341,solid,
Stone Grey,vallejo,vallejo_model_color,70.884,#8C7C63,solid,
Sunny Skin Tone,vallejo,vallejo_model_color,70.845,#ED9646,solid,
Sunset Red,vallejo,vallejo_model_color,70.802,#C02B49,solid,
Tan Earth,vallejo,vallejo_model_color,70.874,#997457,solid,
Tan Glaze,vallejo,vallejo_model_color,70.831,#D59335,solid,
Tan Yellow,vallejo,vallejo_model_color,70.912,#C19B6E,solid,
Transparent Blue,vallejo,vallejo_model_color,70.938,#323D5D,exclude,
Transparent Green,vallejo,vallejo_model_color,70.936,#007943,exclude,
Transparent Orange,vallejo,vallejo_model_color,70.935,#EA651A,exclude,
Transparent Red,vallejo,vallejo_model_color,70.934,#B62336,exclude,
Transparent Yellow,vallejo,vallejo_model_color,70.937,#F7A501,exclude,
Turquoise,vallejo,vallejo_model_color,70.966,#0C425A,solid,
US Dark Green,vallejo,vallejo_model_color,70.893,#494B36,solid,
US Field Drab,vallejo,vallejo_model_color,70.873,#826545,solid,
US Olive Drab,vallejo,vallejo_model_color,70.887,#59513C,solid,
Ultramarine,vallejo,vallejo_model_color,70.839,#2D559D,solid,
Uniform Green,vallejo,vallejo_model_color,70.922,#4B5230,solid,
Verdigris Glaze,vallejo,vallejo_model_color,70.832,#99D0CA,solid,
Vermilion,vallejo,vallejo_model_color,70.909,#C42A28,solid,
Violet,vallejo,vallejo_model_color,70.960,#3C2C49,solid,
Violet Grey,vallejo,vallejo_model_color,70.773,#5A5957,solid,
Violet Red,vallejo,vallejo_model_color,70.812,#64353F,solid,
White,vallejo,vallejo_model_color,70.951,#FFFFFF,solid,
White Glaze,vallejo,vallejo_model_color,70.853,#F4F4F6,solid,
White Grey,vallejo,vallejo_model_color,70.993,#E3E2E0,solid,
Yellow Fluorescent,vallejo,vallejo_model_color,70.730,#EFE641,exclude,
Yellow Green,vallejo,vallejo_model_color,70.954,#DEDE26,solid,
Yellow Ochre,vallejo,vallejo_model_color,70.913,#DEAA47,solid,
Yellow Olive,vallejo,vallejo_model_color,70.892,#383B32,solid,
Amethyst,vallejo,vallejo_nocturna,74.027,#702A81,solid,
Base Flesh,vallejo,vallejo_nocturna,74.004,#846759,solid,
Chalice Red,vallejo,vallejo_nocturna,74.017,#45384C,solid,
Cold Flesh,vallejo,vallejo_nocturna,74.014,#838591,solid,
Crimson,vallejo,vallejo_nocturna,74.018,#65263E,solid,
Deep Forest Skin,vallejo,vallejo_nocturna,74.009,#3E4A4A,solid,
Devil Red,vallejo,vallejo_nocturna,74.019,#921251,solid,
Fairy Flesh,vallejo,vallejo_nocturna,74.007,#F5AC89,solid,
Fire Flame,vallejo,vallejo_nocturna,74.024,#C41F3D,solid,
Forest Skin,vallejo,vallejo_nocturna,74.013,#867562,solid,
Frozen Flesh,vallejo,vallejo_nocturna,74.010,#57555B,solid,
Highlight Skin,vallejo,vallejo_nocturna,74.008,#F0D4BE,solid,
Imperial Purple,vallejo,vallejo_nocturna,74.025,#4E2D79,solid,
Inferno Red,vallejo,vallejo_nocturna,74.022,#DD323A,solid,
Lipstick,vallejo,vallejo_nocturna,74.029,#82125A,solid,
Magenta Blood,vallejo,vallejo_nocturna,74.021,#AA2038,solid,
Malefic Flesh,vallejo,vallejo_nocturna,74.012,#696061,solid,
Medium Flesh,vallejo,vallejo_nocturna,74.005,#E98877,exclude,
Natural Flesh,vallejo,vallejo_nocturna,74.006,#C0947B,solid,
Nocturna Shadow,vallejo,vallejo_nocturna,74.001,#434646,solid,
Orchid Light,vallejo,vallejo_nocturna,74.032,#9E9CCD,solid,
Purple Hex,vallejo,vallejo_nocturna,74.026,#6A297F,solid,
Purple Shadow,vallejo,vallejo_nocturna,74.011,#584852,solid,
Reddish Flesh,vallejo,vallejo_nocturna,74.003,#9E6569,solid,
Sanctuary Red,vallejo,vallejo_nocturna,74.020,#981937,solid,
Violet Vamp,vallejo,vallejo_nocturna,74.030,#5E4D7A,solid,
White Flesh,vallejo,vallejo_nocturna,74.016,#F5D7CC,solid,
Witch Purple,vallejo,vallejo_nocturna,74.028,#801D6D,solid,
Worn Red,vallejo,vallejo_nocturna,74.023,#C71E49,solid,
Afrikakorps Tank Crew,vallejo,vallejo_panzer_aces,70.336,#6E705B,solid,
Afrikakorps Tank Crew Highlights,vallejo,vallejo_panzer_aces,70.340,#A99D75,solid,
British Tank Crew,vallejo,vallejo_panzer_aces,70.317,#756D56,solid,
British Tank Crew Highlights,vallejo,vallejo_panzer_aces,70.321,#EAC284,solid,
Dark Mud,vallejo,vallejo_panzer_aces,70.316,#685F4E,solid,
Dark Rubber,vallejo,vallejo_panzer_aces,70.306,#505153,solid,
Flesh Base,vallejo,vallejo_panzer_aces,70.341,#A4531E,solid,
Flesh Highlights,vallejo,vallejo_panzer_aces,70.342,#FCD2A8,solid,
Flesh Shadows,vallejo,vallejo_panzer_aces,70.343,#551305,solid,
French Tank Crew,vallejo,vallejo_panzer_aces,70.320,#756D56,solid,
French Tank Crew Highlights,vallejo,vallejo_panzer_aces,70.324,#897C73,solid,
German Green Tail Light,vallejo,vallejo_panzer_aces,70.308,#3D5347,solid,
German Red Tail Light,vallejo,vallejo_panzer_aces,70.307,#503428,solid,
German Tank Crew Highlights,vallejo,vallejo_panzer_aces,70.337,#3C2618,solid,
German Tank Crew Highlights I,vallejo,vallejo_panzer_aces,70.338,#5B7572,solid,
German Tank Crew Highlights II,vallejo,vallejo_panzer_aces,70.339,#94795E,solid,
German Tank Crew I,vallejo,vallejo_panzer_aces,70.334,#013E2C,solid,
German Tank Crew II,vallejo,vallejo_panzer_aces,70.335,#473C26,solid,
German White Tank Crew,vallejo,vallejo_panzer_aces,70.344,#E0DFDB,solid,
Italian Tank Crew,vallejo,vallejo_panzer_aces,70.327,#4B461C,solid,
Italian Tank Crew Highlights,vallejo,vallejo_panzer_aces,70.331,#9EB193,solid,
Japanese Tank Crew,vallejo,vallejo_panzer_aces,70.328,#5C5632,solid,
Japanese Tank Crew Highlights,vallejo,vallejo_panzer_aces,70.332,#AAA391,solid,
Leather Belt,vallejo,vallejo_panzer_aces,70.312,#665249,solid,
Light Rubber,vallejo,vallejo_panzer_aces,70.305,#838381,solid,
Light Rust,vallejo,vallejo_panzer_aces,70.301,#87431E,solid,
Old Wood,vallejo,vallejo_panzer_aces,70.310,#AD9C70,solid,
Periscopes,vallejo,vallejo_panzer_aces,70.309,#3B4D5B,solid,
Russian Tank Crew Highlights I,vallejo,vallejo_panzer_aces,70.329,#9BABAA,solid,
Russian Tank Crew Highlights II,vallejo,vallejo_panzer_aces,70.330,#717538,solid,
Russian Tank Crew I,vallejo,vallejo_panzer_aces,70.325,#4C5D67,solid,
Russian Tank Crew II,vallejo,vallejo_panzer_aces,70.326,#6A624F,solid,
Splinter Blotches I,vallejo,vallejo_panzer_aces,70.346,#01633C,solid,
Splinter Blotches II,vallejo,vallejo_panzer_aces,70.347,#3C2B24,solid,
Splinter Camouflage Base,vallejo,vallejo_panzer_aces,70.345,#9D9E98,solid,
Splinter Strips,vallejo,vallejo_panzer_aces,70.348,#4F684B,solid,
Stencil,vallejo,vallejo_panzer_aces,70.313,#E0E0D8,solid,
Track Primer,vallejo,vallejo_panzer_aces,70.304,#5B5652,exclude,
US Army Tank Crew,vallejo,vallejo_panzer_aces,70.318,#79684E,solid,
US Army Tank Crew Highlights,vallejo,vallejo_panzer_aces,70.322,#A99A85,solid,
USMC Tank Crew,vallejo,vallejo_panzer_aces,70.319,#1D573E,solid,
USMC Tank Crew Highlights,vallejo,vallejo_panzer_aces,70.323,#A4B2A5,solid,
Yellowish Rust,vallejo,vallejo_panzer_aces,70.303,#BE8B5E,solid,
Basic Blue,vallejo,vallejo_premium_air,62.010,#0198CD,solid,
Basic Green,vallejo,vallejo_premium_air,62.013,#006E47,solid,
Basic Yellow,vallejo,vallejo_premium_air,62.003,#FEC303,solid,
Bright Red,vallejo,vallejo_premium_air,62.005,#9D2723,solid,
Candy Black,vallejo,vallejo_premium_air,62.079,#4C413F,solid,
Candy Brown,vallejo,vallejo_premium_air,62.078,#CEB6AC,solid,
Candy Dark Yellow,vallejo,vallejo_premium_air,62.072,#F8B075,solid,
Candy Magenta,vallejo,vallejo_premium_air,62.075,#E17EAA,solid,
Candy Orange,vallejo,vallejo_premium_air,62.073,#F5A975,solid,
Candy Racing Blue,vallejo,vallejo_premium_air,62.076,#7AA6D7,solid,
Candy Racing Green,vallejo,vallejo_premium_air,62.077,#A2D5D0,solid,
Candy Red,vallejo,vallejo_premium_air,62.074,#E58877,solid,
Candy Yellow,vallejo,vallejo_premium_air,62.071,#FCE37E,solid,
Carmine,vallejo,vallejo_premium_air,62.006,#AC2E32,solid,
Cleaner,vallejo,vallejo_premium_air,62.067,#FFFFFF,solid,
Clear Base,vallejo,vallejo_premium_air,62.068,#FFFFFF,exclude,
Cobalt Blue,vallejo,vallejo_premium_air,62.009,#34578F,solid,
Dark Ochre,vallejo,vallejo_premium_air,62.016,#9C613F,solid,
Fluorescent Golden Yellow,vallejo,vallejo_premium_air,62.032,#FBBB35,metallic,
Fluorescent Rose,vallejo,vallejo_premium_air,62.035,#E73E8F,exclude,
Fluorescent Scarlet,vallejo,vallejo_premium_air,62.034,#EC4F60,exclude,
Gloss Varnish,vallejo,vallejo_premium_air,62.064,#FFFFFF,exclude,
Matt Varnish,vallejo,vallejo_premium_air,62.062,#FFFFFF,exclude,
Metallic Black,vallejo,vallejo_premium_air,62.053,#BEBABB,metallic,
Metallic Blue,vallejo,vallejo_premium_air,62.046,#D0D7E9,metallic,
Metallic Green,vallejo,vallejo_premium_air,62.047,#DBEBE1,metallic,
Metallic Medium,vallejo,vallejo_premium_air,62.041,#FAF7F0,exclude,
Metallic Orange,vallejo,vallejo_premium_air,62.043,#F6DEDA,metallic,
Metallic Red,vallejo,vallejo_premium_air,62.044,#F0D3D5,metallic,
Metallic Violet,vallejo,vallejo_premium_air,62.045,#DBD7EE,metallic,
Metallic Yellow,vallejo,vallejo_premium_air,62.042,#FBEDD3,metallic,
Orange Pink,vallejo,vallejo_premium_air,62.002,#FBCB9D,solid,
Phosphorescent,vallejo,vallejo_premium_air,62.040,#E9EAE2,exclude,
Raw Sienna,vallejo,vallejo_premium_air,62.017,#824B44,solid,
Reducer,vallejo,vallejo_premium_air,62.066,#FFFFFF,solid,
Retarder,vallejo,vallejo_premium_air,62.065,#FFFFFF,exclude,
Satin Varnish,vallejo,vallejo_premium_air,62.063,#FFFFFF,exclude,
Steel,vallejo,vallejo_premium_air,62.051,#DFDFDF,metallic,
White Primer,vallejo,vallejo_premium_air,62.061,#FFFFFF,exclude,
Desert Tan,vallejo,vallejo_primer,70.613,#D1BE9E,exclude,
Earth Green (Early),vallejo,vallejo_primer,70.611,#615837,exclude,
German Dark Yellow,vallejo,vallejo_primer,70.604,#897461,exclude,
German Green Brown,vallejo,vallejo_primer,70.606,#7C6448,exclude,
German Panzer Grey,vallejo,vallejo_primer,70.603,#404042,exclude,
Gloss Black,vallejo,vallejo_primer,77.660,#060606,exclude,
IDF Israeli Sand Grey (61-73),vallejo,vallejo_primer,70.614,#796E68,exclude,
Parched Grass (Late),vallejo,vallejo_primer,70.610,#716859,exclude,
Plate Mail Metal,vallejo,vallejo_primer,70.628,#98999E,exclude,
Pure Red,vallejo,vallejo_primer,70.624,#C3322D,exclude,
Skeleton Bone,vallejo,vallejo_primer,70.627,#BAA789,exclude,
USA Olive Drab,vallejo,vallejo_primer,70.608,#645D53,exclude,
USN Light Ghost Grey,vallejo,vallejo_primer,70.615,#92999F,exclude,
Dark Brown,vallejo,vallejo_wash_fx,76.514,#6D504A,wash,
Dark Khaki Green,vallejo,vallejo_wash_fx,76.520,#8C724F,wash,
Desert Dust,vallejo,vallejo_wash_fx,76.522,#E3CDA4,wash,
European Dust,vallejo,vallejo_wash_fx,76.523,#8C6B4A,wash,
Off-Grey,vallejo,vallejo_wash_fx,76.516,#656563,wash,
Oiled Earth,vallejo,vallejo_wash_fx,76.521,#665C53,wash,
Black Splash Mud,vallejo,vallejo_weathering,73.806,#27262B,exclude,
Black Thick Mud,vallejo,vallejo_weathering,73.812,#262626,exclude,
Brown Engine Soot,vallejo,vallejo_weathering,73.818,#584E45,exclude,
Brown Splash Mud,vallejo,vallejo_weathering,73.805,#342A29,exclude,
Brown Thick Mud,vallejo,vallejo_weathering,73.811,#46413E,exclude,
Crushed Grass,vallejo,vallejo_weathering,73.825,#8E906B,exclude,
Diesel Stains,vallejo,vallejo_weathering,73.816,#A44C34,exclude,
Engine Grime,vallejo,vallejo_weathering,73.815,#605A5A,exclude,
European Splash Mud,vallejo,vallejo_weathering,73.801,#563F37,exclude,
European Thick Mud,vallejo,vallejo_weathering,73.807,#423930,exclude,
Fuel Stains,vallejo,vallejo_weathering,73.814,#8D5D39,exclude,
Industrial Splash Mud,vallejo,vallejo_weathering,73.803,#73746E,exclude,
Industrial Thick Mud,vallejo,vallejo_weathering,73.809,#53564D,exclude,
Light Brown Mud,vallejo,vallejo_weathering,73.810,#818376,exclude,
Light Brown Splash Mud,vallejo,vallejo_weathering,73.804,#C7BBAF,exclude,
Moss and Lichen,vallejo,vallejo_weathering,73.827,#BD9C3B,exclude,
Mud and Grass,vallejo,vallejo_weathering,73.826,#4C4C44,exclude,
Oil Stains,vallejo,vallejo_weathering,73.813,#6E502E,exclude,
Petrol Spills,vallejo,vallejo_weathering,73.817,#211F22,exclude,
Rain Marks,vallejo,vallejo_weathering,73.819,#6D635A,exclude,
Russian Splash Mud,vallejo,vallejo_weathering,73.802,#3D3334,exclude,
Russian Thick Mud,vallejo,vallejo_weathering,73.808,#343434,exclude,
Rust Texture,vallejo,vallejo_weathering,73.821,#463C3A,exclude,
Slimy Grime Dark,vallejo,vallejo_weathering,73.822,#484B3A,exclude,
Snow,vallejo,vallejo_weathering,73.820,#FFFFFF,exclude,
Wet Effects,vallejo,vallejo_weathering,73.828,#BDBAA7,exclude,
Armor Green,vallejo,vallejo_xpress,72.466,#1E462B,contrast,
Bag of Bones,vallejo,vallejo_xpress,72.450,#C1A16E,contrast,
Battledress Brown,vallejo,vallejo_xpress,72.473,#5D4C32,contrast,
Black Lotus,vallejo,vallejo_xpress,72.423,#302627,contrast,
Cardinal Purple,vallejo,vallejo_xpress,72.408,#C81928,contrast,
Caribbean Turquoise,vallejo,vallejo_xpress,72.414,#005961,contrast,
Chameleon Orange,vallejo,vallejo_xpress,72.455,#CE652E,contrast,
Commando Green,vallejo,vallejo_xpress,72.468,#3E4F3C,contrast,
Copper Brown,vallejo,vallejo_xpress,72.421,#532C25,contrast,
Deep Purple,vallejo,vallejo_xpress,72.409,#6F2B42,contrast,
Demonic Skin,vallejo,vallejo_xpress,72.458,#965C58,contrast,
Desert Ochre,vallejo,vallejo_xpress,72.454,#9D6729,contrast,
Dreadnought Yellow,vallejo,vallejo_xpress,72.477,#D38821,contrast,
Fairy Skin,vallejo,vallejo_xpress,72.457,#CA8774,contrast,
Fluid Pink,vallejo,vallejo_xpress,72.459,#C06793,contrast,
Gloomy Violet,vallejo,vallejo_xpress,72.410,#402F59,contrast,
Greasy Black,vallejo,vallejo_xpress,72.476,#413736,contrast,
Heretic Turquoise,vallejo,vallejo_xpress,72.481,#13514B,contrast,
Hospitallier Black,vallejo,vallejo_xpress,72.484,#252527,contrast,
Iceberg Grey,vallejo,vallejo_xpress,72.463,#42576C,contrast,
Imperial Yellow,vallejo,vallejo_xpress,72.403,#F59F2E,contrast,
Khaki Drill,vallejo,vallejo_xpress,72.451,#C7945B,contrast,
Landser Grey,vallejo,vallejo_xpress,72.469,#524F48,contrast,
Legacy Blue,vallejo,vallejo_xpress,72.480,#272961,contrast,
Lizard Green,vallejo,vallejo_xpress,72.418,#223A2C,contrast,
Martian Orange,vallejo,vallejo_xpress,72.405,#CD4619,contrast,
Medium Xpress,vallejo,vallejo_xpress,72.448,#FFFBF8,exclude,
Monastic Green,vallejo,vallejo_xpress,72.482,#004B37,contrast,
Muddy Ground,vallejo,vallejo_xpress,72.475,#452E28,contrast,
Mummy White,vallejo,vallejo_xpress,72.449,#CFB496,contrast,
Mystic Blue,vallejo,vallejo_xpress,72.411,#004A87,contrast,
Nuclear Yellow,vallejo,vallejo_xpress,72.404,#DD9213,exclude,
Omega Blue,vallejo,vallejo_xpress,72.413,#3A365B,contrast,
Orc Skin,vallejo,vallejo_xpress,72.415,#5E752D,contrast,
Phoenix Orange,vallejo,vallejo_xpress,72.478,#B1401E,contrast,
Plague Green,vallejo,vallejo_xpress,72.419,#4C4D2E,contrast,
Plasma Red,vallejo,vallejo_xpress,72.406,#A52822,contrast,
Rotten Flesh,vallejo,vallejo_xpress,72.452,#89763B,contrast,
Seraph Red,vallejo,vallejo_xpress,72.479,#6B1411,contrast,
Snake Green,vallejo,vallejo_xpress,72.417,#015A46,contrast,
Space Grey,vallejo,vallejo_xpress,72.422,#2D5A5D,contrast,
Starship Steel,vallejo,vallejo_xpress,72.462,#517375,contrast,
Storm Blue,vallejo,vallejo_xpress,72.412,#303A7F,contrast,
Tanned Skin,vallejo,vallejo_xpress,72.471,#81452D,contrast,
Templar White,vallejo,vallejo_xpress,72.401,#CCCECD,contrast,
Troll Green,vallejo,vallejo_xpress,72.416,#015E32,contrast,
Twilight Rose,vallejo,vallejo_xpress,72.460,#774755,contrast,
Vampiric Purple,vallejo,vallejo_xpress,72.461,#492857,contrast,
Velvet Red,vallejo,vallejo_xpress,72.407,#81282E,contrast,
Viking Grey,vallejo,vallejo_xpress,72.483,#45515D,contrast,
Wagram Blue,vallejo,vallejo_xpress,72.464,#014461,contrast,
Wasteland Brown,vallejo,vallejo_xpress,72.420,#684527,contrast,
Wicked Purple,vallejo,vallejo_xpress,72.456,#756566,contrast,
Willow Bark,vallejo,vallejo_xpress,72.474,#392B27,contrast,
Zombie Flesh,vallejo,vallejo_xpress,72.470,#856B5A,contrast,
